"호선","역명","형식","층수","비고"
"1","서울","섬식","B2","4호선,경의중앙선,공항철도환승"
"1","시청","상대식","B2","2호선환승"
"1","종각","상대식","B2",""
"1","종로3가","상대식","B2","3,5호선환승"
"1","종로5가","상대식","B2",""
"1","동대문","상대식","B2","4호선환승"
"1","동묘앞","상대식","B1","6호선환승"
"1","신설동","상대식","B2","2호선(지선),우이신설선환승"
"1","제기동","상대식","B2",""
"1","청량리","섬식","B2","분당선,경의중앙선,경춘선환승"
"2","시청","섬식","B3","1호선환승"
"2","을지로입구","상대식","B2",""
"2","을지3가","상대식","B2","3호선환승"
"2","을지4가","상대식","B2","5호선환승"
"2","동대문역사문화공원","상대식","B2","4,5호선환승"
"2","신당","상대식","B2","6호선환승"
"2","상왕십리","상대식","B2",""
"2","왕십리","상대식","B2","5호선,분당선,경의중앙선환승"
"2","한양대","상대식","B2",""
"2","뚝섬","상대식","고가",""
"2","성수","섬식","고가","2호선(지선)환승"
"2","건대입구","상대식","고가","7호선환승"
"2","구의","상대식","고가",""
"2","강변","상대식","고가",""
"2","잠실나루","상대식","고가",""
"2","잠실","상대식","B2","8호선환승"
"2","잠실새내","상대식","B2",""
"2","종합운동장","상대식","B2","9호선환승"
"2","삼성 ","섬식","B2",""
"2","선릉","상대식","B2","분당선환승"
"2","역삼","상대식","B3",""
"2","강남","상대식","B2","신분당선환승"
"2","교대","상대식","B2","3호선환승"
"2","서초","상대식","B2",""
"2","방배","상대식","B2",""
"2","사당","상대식","B2","4호선환승"
"2","낙성대","상대식","B2",""
"2","서울대입구","섬식","B2",""
"2","봉천","섬식","B2",""
"2","신림","섬식","B2","신림선환승"
"2","신대방","상대식","고가",""
"2","구로디지털","상대식","고가",""
"2","대림","상대식","고가","7호선환승"
"2","신도림","섬식","B2","2호선(지선).국철환승"
"2","문래","상대식","B2",""
"2","영등포구청","상대식","B2","5호선환승"
"2","당산","상대식","고가","9호선환승"
"2","합정","상대식","B2","6호선환승"
"2","홍대입구","섬식","B2","경의중앙선,공항철도환승"
"2","신촌","상대식","B2",""
"2","이대","섬식","B2",""
"2","아현","상대식","B2",""
"2","충정로","섬식","B3","5호선환승"
"2","신설동","상대식","B3","우이신설선,1호선환승"
"2","용두","상대식","B2",""
"2","신답","상대식","지상",""
"2","용답","상대식","지상",""
"2","도림천","상대식","B3",""
"2","양천구청","상대식","B2",""
"2","신정네거리","상대식","B3",""
"2","까치산","상대식","B5","5호선환승"
"3","지축","섬식","고가",""
"3","구파발","섬식","B2",""
"3","연신내","섬식","B2","6호선환승"
"3","불광","상대식","B2","6호선환승"
"3","녹번","섬식","B2",""
"3","홍제","섬식","B3",""
"3","무악재","상대식","B3",""
"3","독립문","섬식","B3",""
"3","경복궁","섬식","B3",""
"3","안국","섬식","B4",""
"3","종로3가","섬식","B4","1,5호선환승"
"3","을지로3가","섬식","B3","2호선환승"
"3","충무로","섬식","B4","4호선환승"
"3","동대입구","섬식","B3",""
"3","약수","섬식","B3","6호선환승"
"3","금호","섬식","B2",""
"3","옥수","상대식","고가","경의중앙선환승"
"3","압구정","상대식","B2",""
"3","신사","상대식","B2",""
"3","잠원","상대식","B2",""
"3","고속터미널","상대식","B3","7,9호선환승"
"3","교대","섬식","B3","2호선환승"
"3","남부터미널","상대식","B3",""
"3","양재","상대식","B2","신분당선환승"
"3","매봉","상대식","B2",""
"3","도곡","상대식","B4","분당선환승"
"3","대치","섬식","B4",""
"3","학여울","상대식","B5",""
"3","대청","상대식","B3",""
"3","일원","상대식","B3",""
"3","수서","상대식","B2","분당선, GTX-A환승"
"3","가락시장","상대식","B4","8호선환승"
"3","경찰병원","상대식","B3",""
"3","오금","상대식","B4","5호선환승"
"4","당고개","상대식","고가",""
"4","상계","상대식","고가",""
"4","노원","상대식","고가","7호선환승"
"4","창동","상대식","고가","국철환승"
"4","쌍문","상대식","B2",""
"4","수유","상대식","B2",""
"4","미아","상대식","B2",""
"4","미아삼거리","상대식","B2",""
"4","길음","섬식","B2",""
"4","성신여대입구","상대식","B2","우이신설선환승"
"4","한성대입구","섬식","B2",""
"4","혜화","상대식","B2",""
"4","동대문","섬식","B4","1호선환승"
"4","동대문역사문화공원","섬식","B3","2,5호선환승"
"4","충무로","상대식","B3","3호선환승"
"4","명동","섬식","B4",""
"4","회현","섬식","B4",""
"4","서울역","섬식","B2","1호선,경의중앙선,공항철도환승"
"4","숙대입구","상대식","B2",""
"4","삼각지","상대식","B2","6호선환승"
"4","신용산","상대식","B2",""
"4","이촌","상대식","B2","경의중앙선환승"
"4","동작","상대식","고가","9호선환승"
"4","총신대입구","상대식","B2","7호선환승"
"4","사당","섬식","B3","2호선환승"
"4","남태령","섬식","B3",""
"5","방화","섬식","B2",""
"5","개화산","상대식","B2",""
"5","김포공항","상대식","B3","9호선,공항철도,김포골드라인환승"
"5","송정","상대식","B3",""
"5","마곡","상대식","B2",""
"5","발산","상대식","B2",""
"5","우장산","상대식","B2",""
"5","화곡","섬식","B3",""
"5","까치산","상대식","B5","2호선(지선)환승"
"5","신정","상대식","B5",""
"5","목동","상대식","B2",""
"5","오목교","상대식","B3",""
"5","양평","상대식","B5",""
"5","영등포구청","상대식","B5","2호선환승"
"5","영등포시장","상대식","B6",""
"5","신길","상대식","B4","1호선환승"
"5","여의도","상대식","B4","9호선환승"
"5","여의나루","섬식","B5",""
"5","마포","섬식","B5",""
"5","공덕","섬식","B3","6호선,경의중앙선,공항철도환승"
"5","애오게","상대식","B4",""
"5","충정로","섬식","B5","2호선환승"
"5","서대문","섬식","B4",""
"5","광화문","섬식","B4",""
"5","종로3가","섬식","B5","1,3호선환승"
"5","을지로4가","섬식","B5","2호선환승"
"5","동대문운동장","섬식","B5","2,4호선환승"
"5","청구","섬식","B4","6호선환승"
"5","신금호","섬식","B8",""
"5","행당","상대식","B5",""
"5","왕십리","상대식","B5","2호선,경의중앙선,분당선환승"
"5","마장","상대식","B3",""
"5","답십리","상대식","B3",""
"5","장한평","섬식","B3",""
"5","군자","섬식","B2","7호선환승"
"5","아차산","상대식","B3",""
"5","광나루","상대식","B3",""
"5","천호","상대식","B3","8호선환승"
"5","강동","섬식(복합)","B3","둔촌~마천환승"
"5","길동","상대식","B3",""
"5","굽은다리","상대식","B2",""
"5","명일","상대식","B2",""
"5","고덕","상대식","B2",""
"5","상일동","섬식(복합)","B2",""
"5","둔촌","상대식","B2",""
"5","올림픽공원","상대식","B3","9호선환승"
"5","방이","상대식","B2",""
"5","오금","상대식","B2","3호선환승"
"5","개롱","상대식","B2",""
"5","거여","상대식","B3",""
"5","마천","상대식","B4",""
"5","강일","상대식","B2",""
"5","미사","상대식","B2",""
"5","하남풍산","상대식","B2",""
"5","하남시청","상대식","B2",""
"5","하남검단산","상대식","B2",""
"6","응암","섬식","B3",""
"6","역촌","상대식","B4",""
"6","불광","상대식","B5","3호선환승"
"6","독바위","상대식","B6",""
"6","연신내","상대식","B5","3호선환승"
"6","구산","상대식","B4",""
"6","새절","섬식","B2",""
"6","증산","상대식","B2",""
"6","DMC","상대식","B2","경의중앙선,공항철도환승"
"6","월드컵경기장","상대식","B2",""
"6","마포구청","상대식","B3",""
"6","망원","상대식","B2",""
"6","합정","상대식","B4","2호선환승"
"6","상수","섬식","B3",""
"6","광흥창","섬식","B3",""
"6","대흥","섬식","B3",""
"6","공덕","상대식","B2","5호선,경의중앙선,공항철도환승"
"6","효창공원앞","섬식","B3","경의중앙선환승"
"6","삼각지","섬식","B4","4호선환승"
"6","녹사평","섬식","B5",""
"6","이태원","섬식","B5",""
"6","한강진","상대식","B5",""
"6","버티고개","상대식","B5",""
"6","약수","상대식","B4","3호선환승"
"6","청구","상대식","B2","5호선환승"
"6","신당","섬식","B3","2호선환승"
"6","동묘앞","섬식","B3","1호선환승"
"6","창신","섬식","B4",""
"6","보문","섬식","B3","우이신설선환승"
"6","안암","상대식","B3",""
"6","고려대","상대식","B4",""
"6","월곡","상대식","B3",""
"6","상월곡","섬식","B3",""
"6","돌곶이","상대식","B2",""
"6","석계","상대식","B3","국철환승"
"6","태릉입구","상대식","B2","7호선환승"
"6","화랑대","상대식","B2",""
"6","봉화산","섬식","B2",""
"6","신내","단선","지상","경춘선환승"
"7","장암","상대식","지상",""
"7","도봉산","상대식","고가","1호선환승"
"7","수락산","섬식(복합)","B3",""
"7","마들","섬식","B3",""
"7","노원","섬식","B3","4호선환승"
"7","중계","섬식","B3",""
"7","하계","섬식","B3",""
"7","공릉","상대식","B4",""
"7","태릉입구","상대식","B4","6호선환승"
"7","먹골","상대식","B3",""
"7","중화","상대식","B3",""
"7","상봉","상대식","B3","경의중앙선,경춘선환승"
"7","면목","상대식","B4",""
"7","사가정","상대식","B4",""
"7","용마산","상대식","B4",""
"7","중곡","상대식","B3",""
"7","군자","상대식","B3",""
"7","어린이대공원","상대식","B3","5호선환승"
"7","건대입구","상대식","B3","2호선환승"
"7","뚝섬유원지","상대식","고가",""
"7","청담","섬식","B4",""
"7","강남구청","상대식","B3","분당선환승"
"7","학동","상대식","B3",""
"7","논현","상대식","B3","신분당선환승"
"7","반포","상대식","B3",""
"7","고속터미널","상대식","B3","3,9호선환승"
"7","내방","상대식","B3",""
"7","이수","상대식","B4","4호선환승"
"7","남성","상대식","B3",""
"7","숭실대","상대식","B6",""
"7","상도","상대식","B3",""
"7","장승배기","상대식","B3",""
"7","신대방","상대식","B3",""
"7","보라매","섬식","B2","신림선환승"
"7","신풍","상대식","B2",""
"7","대림","상대식","B2","7호선환승"
"7","남구로","상대식","B5",""
"7","가산디지털단지","상대식","B4","1호선환승"
"7","철산","상대식","B2",""
"7","광명","섬식(복합)","B3",""
"7","천왕","상대식","B2",""
"7","온수","섬식(복합)","B2","1호선환승"
"8","암사","상대식","B2",""
"8","천호","상대식","B2","5호선환승"
"8","강동구청","상대식","B3",""
"8","몽촌토성","상대식","B3",""
"8","잠실","상대식","B3","2호선환승"
"8","석촌","상대식","B2","9호선환승"
"8","송파","상대식","B2",""
"8","가락시장","상대식","B2","3호선환승"
"8","문정","상대식","B2",""
"8","장지","상대식","B2",""
"8","복정","섬식","B3","분당선환승"
"8","남위례","상대식","지상",""
"8","산성","상대식","B4",""
"8","남한산성입구","상대식","B3",""
"8","단대오거리","상대식","B3",""
"8","신흥","상대식","B2",""
"8","수진","상대식","B2",""
"8","모란","상대식","B3","분당선환승"
"8","암사역사공원","상대식","B2",""
