"환승시작 호선","환승시작역","환승종료 호선","환승종료역","소요시간"
"1","서울역","4","서울역","03:34"
"1","서울역","4","서울역","03:40"
"1","서울역","4","서울역","03:34"
"1","서울역","4","서울역","03:40"
"1","서울역","airport","서울역","15:56"
"1","서울역","airport","서울역","15:56"
"1","시청","2","시청","04:00"
"1","시청","2","시청","04:00"
"1","시청","2","시청","02:03"
"1","시청","2","시청","02:03"
"1","종로3가","3","종로3가","02:34"
"1","종로3가","3","종로3가","05:19"
"1","종로3가","3","종로3가","03:27"
"1","종로3가","3","종로3가","02:27"
"1","종로3가","5","종로3가","08:24"
"1","종로3가","5","종로3가","07:06"
"1","종로3가","5","종로3가","07:38"
"1","종로3가","5","종로3가","09:14"
"1","동대문","4","동대문","04:13"
"1","동대문","4","동대문","05:25"
"1","동대문","4","동대문","05:09"
"1","동대문","4","동대문","05:28"
"1","신설동","2","신설동","05:00"
"1","신설동","2","신설동","06:45"
"1","신설동","2","신설동","03:27"
"1","신설동","2","신설동","04:12"
"1","청량리","gyeongui","청량리","09:10"
"1","청량리","gyeongui","청량리","05:56"
"1","청량리","gyeongui","청량리","09:10"
"1","청량리","gyeongui","청량리","05:56"
"1","청량리","gyeongchun","청량리","05:56"
"1","청량리","gyeongchun","청량리","05:56"
"1","청량리","gyeongui","청량리","05:40"
"1","청량리","gyeongui","청량리","05:40"
"1","동묘앞","6","동묘앞","03:33"
"1","동묘앞","6","동묘앞","03:33"
"1","동묘앞","6","동묘앞","03:36"
"1","동묘앞","6","동묘앞","03:36"
"1","용산","gyeongui","용산","03:52"
"1","용산","gyeongui","용산","03:42"
"1","용산","gyeongui","용산","03:48"
"1","용산","gyeongui","용산","03:32"
"1","노량진","9","노량진","05:13"
"1","노량진","9","노량진","05:20"
"1","노량진","9","노량진","03:40"
"1","노량진","9","노량진","03:35"
"1","신도림","2","신도림","02:36"
"1","신도림","2","신도림","02:17"
"1","신도림","2","신도림","01:43"
"1","신도림","2","신도림","01:57"
"1","신도림","2","신도림","02:20"
"1","신도림","2","신도림","03:30"
"1","회기","gyeongui","회기","02:03"
"1","회기","gyeongui","회기","02:15"
"1","회기","gyeongui","회기","02:03"
"1","회기","gyeongui","회기","02:21"
"1","회기","gyeongchun","회기","02:09"
"1","회기","gyeongchun","회기","02:09"
"1","회기","gyeongchun","회기","02:09"
"1","회기","gyeongchun","회기","02:09"
"1","석계","6","석계","05:17"
"1","석계","6","석계","05:18"
"1","석계","6","석계","05:19"
"1","석계","6","석계","05:25"
"1","창동","4","창동","02:10"
"1","창동","4","창동","02:11"
"1","창동","4","창동","02:15"
"1","창동","4","창동","02:34"
"1","신길","5","신길","07:05"
"1","신길","5","신길","06:50"
"1","신길","5","신길","07:07"
"1","신길","5","신길","07:18"
"1","가산디지털단지","7","가산디지털단지","04:13"
"1","가산디지털단지","7","가산디지털단지","03:44"
"1","가산디지털단지","7","가산디지털단지","04:02"
"1","가산디지털단지","7","가산디지털단지","05:23"
"1","금천구청","","1750","00:00"
"1","금정","4","금정","01:53"
"1","금정","4","금정","00:03"
"1","금정","4","금정","01:54"
"1","금정","4","금정","00:03"
"1","수원","bundang","수원","04:02"
"1","수원","bundang","수원","05:09"
"1","수원","bundang","수원","05:38"
"1","수원","bundang","수원","04:12"
"1","부평","incheon","부평","07:22"
"1","부평","incheon","부평","07:17"
"1","부평","incheon","부평","07:20"
"1","부평","incheon","부평","07:20"
"1","주안","incheon2","주안","04:06"
"1","주안","incheon2","주안","03:45"
"1","주안","incheon2","주안","03:51"
"1","주안","incheon2","주안","04:11"
"1","소사","seohae","소사","05:35"
"1","소사","seohae","소사","05:08"
"1","온수","7","온수","03:29"
"1","온수","7","온수","03:32"
"1","온수","7","온수","03:49"
"1","온수","7","온수","03:45"
"1","도봉산","7","도봉산","03:43"
"1","도봉산","7","도봉산","05:54"
"1","도봉산","7","도봉산","05:53"
"1","도봉산","7","도봉산","03:37"
"1","회룡","","4603","06:55"
"1","회룡","","4601","04:03"
"1","회룡","","4601","03:25"
"1","회룡","","4603","05:20"
"2","시청","1","시청","04:00"
"2","시청","1","시청","04:00"
"2","시청","1","시청","02:03"
"2","시청","1","시청","02:03"
"2","을지로3가","3","을지로3가","03:28"
"2","을지로3가","3","을지로3가","03:23"
"2","을지로3가","3","을지로3가","02:39"
"2","을지로3가","3","을지로3가","03:28"
"2","을지로4가","5","을지로4가","04:18"
"2","을지로4가","5","을지로4가","03:37"
"2","을지로4가","5","을지로4가","03:37"
"2","을지로4가","5","을지로4가","04:18"
"2","동대문역사문화공원","4","동대문역사문화공원","03:23"
"2","동대문역사문화공원","4","동대문역사문화공원","01:56"
"2","동대문역사문화공원","4","동대문역사문화공원","03:23"
"2","동대문역사문화공원","4","동대문역사문화공원","00:43"
"2","동대문역사문화공원","5","동대문역사문화공원","07:00"
"2","동대문역사문화공원","5","동대문역사문화공원","07:00"
"2","동대문역사문화공원","5","동대문역사문화공원","07:00"
"2","동대문역사문화공원","5","동대문역사문화공원","07:00"
"2","신당","6","신당","07:07"
"2","신당","6","신당","07:01"
"2","신당","6","신당","07:01"
"2","신당","6","신당","07:07"
"2","왕십리","5","왕십리","05:01"
"2","왕십리","5","왕십리","03:57"
"2","왕십리","5","왕십리","03:55"
"2","왕십리","5","왕십리","05:03"
"2","왕십리","gyeongui","왕십리","02:13"
"2","왕십리","gyeongui","왕십리","02:13"
"2","왕십리","gyeongui","왕십리","03:34"
"2","왕십리","gyeongui","왕십리","03:34"
"2","왕십리","","1847","03:49"
"2","왕십리","","1845","03:49"
"2","왕십리","","1847","05:02"
"2","왕십리","","1845","03:49"
"2","성수","","0244","03:32"
"2","성수","","0244","00:05"
"2","건대입구","7","건대입구","03:44"
"2","건대입구","7","건대입구","05:25"
"2","건대입구","7","건대입구","03:49"
"2","건대입구","7","건대입구","05:35"
"2","잠실","8","잠실","04:01"
"2","잠실","8","잠실","03:58"
"2","잠실","8","잠실","04:11"
"2","잠실","8","잠실","04:01"
"2","종합운동장","9","종합운동장","06:52"
"2","종합운동장","9","종합운동장","06:58"
"2","종합운동장","9","종합운동장","07:06"
"2","종합운동장","9","종합운동장","07:01"
"2","선릉","bundang","선릉","02:06"
"2","선릉","bundang","선릉","02:10"
"2","선릉","bundang","선릉","02:02"
"2","선릉","bundang","선릉","02:08"
"2","강남","sinbundang","강남","05:05"
"2","강남","sinbundang","강남","05:52"
"2","교대","3","교대","00:57"
"2","교대","3","교대","02:38"
"2","교대","3","교대","00:59"
"2","교대","3","교대","02:38"
"2","사당","4","사당","03:24"
"2","사당","4","사당","01:55"
"2","사당","4","사당","03:22"
"2","사당","4","사당","01:51"
"2","신림","","4409","03:00"
"2","신림","","4409","03:00"
"2","신림","","4407","03:00"
"2","신림","","4407","03:00"
"2","대림","7","대림","05:55"
"2","대림","7","대림","05:18"
"2","대림","7","대림","05:21"
"2","대림","7","대림","05:57"
"2","신도림","1","신도림","02:20"
"2","신도림","1","신도림","02:36"
"2","신도림","1","신도림","01:57"
"2","신도림","1","신도림","03:30"
"2","신도림","1","신도림","01:51"
"2","신도림","1","신도림","01:51"
"2","영등포구청","5","영등포구청","04:07"
"2","영등포구청","5","영등포구청","03:50"
"2","영등포구청","5","영등포구청","05:21"
"2","영등포구청","5","영등포구청","05:49"
"2","당산","9","당산","05:22"
"2","당산","9","당산","05:16"
"2","당산","9","당산","05:46"
"2","당산","9","당산","05:46"
"2","합정","6","합정","02:32"
"2","합정","6","합정","02:31"
"2","합정","6","합정","02:29"
"2","합정","6","합정","03:23"
"2","홍대입구","gyeongui","홍대입구","06:48"
"2","홍대입구","gyeongui","홍대입구","06:45"
"2","홍대입구","airport","홍대입구","11:46"
"2","홍대입구","airport","홍대입구","08:28"
"2","홍대입구","airport","홍대입구","08:31"
"2","홍대입구","airport","홍대입구","10:57"
"2","충정로","5","충정로","07:14"
"2","충정로","5","충정로","07:14"
"2","충정로","5","충정로","07:14"
"2","충정로","5","충정로","07:14"
"3","종로3가","1","종로3가","05:19"
"3","종로3가","1","종로3가","02:34"
"3","종로3가","1","종로3가","02:27"
"3","종로3가","1","종로3가","03:27"
"3","종로3가","5","종로3가","03:46"
"3","종로3가","5","종로3가","03:43"
"3","종로3가","5","종로3가","03:23"
"3","종로3가","5","종로3가","05:39"
"3","을지로3가","2","을지로3가","03:23"
"3","을지로3가","2","을지로3가","03:28"
"3","을지로3가","2","을지로3가","02:39"
"3","을지로3가","2","을지로3가","03:28"
"3","충무로","4","충무로","00:49"
"3","충무로","4","충무로","01:46"
"3","충무로","4","충무로","00:38"
"3","충무로","4","충무로","01:41"
"3","약수","6","약수","04:18"
"3","약수","6","약수","04:10"
"3","약수","6","약수","04:10"
"3","약수","6","약수","04:18"
"3","옥수","gyeongui","옥수","05:14"
"3","옥수","gyeongui","옥수","05:01"
"3","옥수","gyeongui","옥수","04:15"
"3","옥수","gyeongui","옥수","05:20"
"3","고속터미널","7","고속터미널","04:17"
"3","고속터미널","7","고속터미널","04:06"
"3","고속터미널","7","고속터미널","04:19"
"3","고속터미널","7","고속터미널","06:48"
"3","고속터미널","9","고속터미널","05:01"
"3","고속터미널","9","고속터미널","03:21"
"3","고속터미널","9","고속터미널","05:03"
"3","고속터미널","9","고속터미널","05:30"
"3","교대","2","교대","00:57"
"3","교대","2","교대","00:59"
"3","교대","2","교대","02:38"
"3","교대","2","교대","02:38"
"3","양재","sinbundang","양재","03:46"
"3","양재","sinbundang","양재","04:16"
"3","양재","sinbundang","양재","03:20"
"3","양재","sinbundang","양재","03:46"
"3","도곡","bundang","도곡","01:53"
"3","도곡","bundang","도곡","02:17"
"3","도곡","bundang","도곡","01:52"
"3","도곡","bundang","도곡","01:52"
"3","수서","bundang","수서","02:20"
"3","수서","bundang","수서","02:34"
"3","수서","bundang","수서","02:20"
"3","수서","bundang","수서","02:34"
"3","가락시장","8","가락시장","02:02"
"3","가락시장","8","가락시장","01:52"
"3","가락시장","8","가락시장","01:52"
"3","가락시장","8","가락시장","02:02"
"3","대곡","gyeongui","대곡","05:11"
"3","대곡","gyeongui","대곡","05:19"
"3","대곡","gyeongui","대곡","05:22"
"3","대곡","gyeongui","대곡","05:27"
"4","노원","7","노원","08:20"
"4","노원","7","노원","09:19"
"4","노원","7","노원","09:01"
"4","노원","7","노원","08:20"
"4","창동","1","창동","02:10"
"4","창동","1","창동","02:15"
"4","창동","1","창동","02:34"
"4","창동","1","창동","02:11"
"4","성신여대입구","","4710","05:15"
"4","성신여대입구","","4712","02:21"
"4","성신여대입구","","4712","02:17"
"4","성신여대입구","","4710","02:19"
"4","동대문","1","동대문","05:09"
"4","동대문","1","동대문","04:13"
"4","동대문","1","동대문","05:25"
"4","동대문","1","동대문","05:28"
"4","동대문역사문화공원","2","동대문역사문화공원","00:43"
"4","동대문역사문화공원","2","동대문역사문화공원","03:23"
"4","동대문역사문화공원","2","동대문역사문화공원","01:56"
"4","동대문역사문화공원","2","동대문역사문화공원","03:23"
"4","동대문역사문화공원","5","동대문역사문화공원","04:00"
"4","동대문역사문화공원","5","동대문역사문화공원","03:54"
"4","동대문역사문화공원","5","동대문역사문화공원","07:35"
"4","동대문역사문화공원","5","동대문역사문화공원","03:50"
"4","충무로","3","충무로","00:38"
"4","충무로","3","충무로","01:41"
"4","충무로","3","충무로","01:46"
"4","충무로","3","충무로","00:49"
"4","서울역","1","서울역","03:40"
"4","서울역","1","서울역","03:40"
"4","서울역","1","서울역","03:40"
"4","서울역","1","서울역","03:40"
"4","서울역","airport","서울역","15:21"
"4","서울역","airport","서울역","15:21"
"4","삼각지","6","삼각지","03:44"
"4","삼각지","6","삼각지","03:37"
"4","삼각지","6","삼각지","03:37"
"4","삼각지","6","삼각지","03:44"
"4","이촌","gyeongui","이촌","03:22"
"4","이촌","gyeongui","이촌","02:12"
"4","이촌","gyeongui","이촌","03:42"
"4","이촌","gyeongui","이촌","03:25"
"4","동작","9","동작","08:30"
"4","동작","9","동작","08:30"
"4","동작","9","동작","08:20"
"4","동작","9","동작","08:20"
"4","총신대입구","7","총신대입구","05:17"
"4","총신대입구","7","총신대입구","03:44"
"4","총신대입구","7","총신대입구","03:48"
"4","총신대입구","7","총신대입구","05:24"
"4","사당","2","사당","03:24"
"4","사당","2","사당","01:55"
"4","사당","2","사당","03:22"
"4","사당","2","사당","01:51"
"4","금정","1","금정","01:53"
"4","금정","1","금정","01:54"
"4","금정","1","금정","00:03"
"4","금정","1","금정","00:03"
"4","한대앞","bundang","한대앞","00:30"
"4","한대앞","bundang","한대앞","00:57"
"4","한대앞","bundang","한대앞","00:30"
"4","한대앞","bundang","한대앞","00:30"
"4","한대앞","bundang","한대앞","00:57"
"4","중앙","bundang","중앙","01:40"
"4","중앙","bundang","중앙","00:30"
"4","중앙","bundang","중앙","00:30"
"4","중앙","bundang","중앙","01:40"
"4","중앙","bundang","중앙","00:30"
"4","고잔","bundang","고잔","00:30"
"4","고잔","bundang","고잔","00:30"
"4","고잔","bundang","고잔","00:30"
"4","고잔","bundang","고잔","00:30"
"4","고잔","bundang","고잔","01:54"
"4","고잔","bundang","고잔","01:54"
"4","초지","seohae","초지","07:31"
"4","초지","seohae","초지","07:18"
"4","초지","seohae","초지","07:20"
"4","초지","seohae","초지","07:39"
"4","안산","bundang","안산","00:30"
"4","안산","bundang","안산","01:41"
"4","안산","bundang","안산","00:30"
"4","안산","bundang","안산","00:30"
"4","안산","bundang","안산","00:30"
"4","안산","bundang","안산","01:41"
"4","신길온천","bundang","신길온천","00:30"
"4","신길온천","bundang","신길온천","01:42"
"4","신길온천","bundang","신길온천","01:42"
"4","신길온천","bundang","신길온천","00:30"
"4","신길온천","bundang","신길온천","00:30"
"4","신길온천","bundang","신길온천","00:30"
"4","정왕","bundang","정왕","00:30"
"4","정왕","bundang","정왕","00:30"
"4","정왕","bundang","정왕","02:12"
"4","정왕","bundang","정왕","02:12"
"4","정왕","bundang","정왕","00:30"
"5","김포공항","9","김포공항","05:28"
"5","김포공항","9","김포공항","03:33"
"5","김포공항","9","김포공항","03:56"
"5","김포공항","9","김포공항","05:35"
"5","김포공항","airport","김포공항","03:56"
"5","김포공항","airport","김포공항","05:28"
"5","김포공항","airport","김포공항","03:59"
"5","김포공항","airport","김포공항","05:35"
"5","김포공항","","4928","05:08"
"5","김포공항","","4928","08:45"
"5","김포공항","","104C","03:33"
"5","김포공항","","104C","03:00"
"5","김포공항","seohae","김포공항","03:33"
"5","김포공항","seohae","김포공항","03:00"
"5","까치산","2","까치산","00:23"
"5","까치산","2","까치산","02:04"
"5","영등포구청","2","영등포구청","05:21"
"5","영등포구청","2","영등포구청","03:50"
"5","영등포구청","2","영등포구청","05:49"
"5","영등포구청","2","영등포구청","04:07"
"5","신길","1","신길","06:50"
"5","신길","1","신길","07:05"
"5","신길","1","신길","07:18"
"5","신길","1","신길","07:07"
"5","여의도","9","여의도","01:58"
"5","여의도","9","여의도","01:59"
"5","여의도","9","여의도","02:01"
"5","여의도","9","여의도","01:56"
"5","공덕","6","공덕","02:25"
"5","공덕","6","공덕","03:27"
"5","공덕","6","공덕","03:27"
"5","공덕","6","공덕","02:25"
"5","공덕","gyeongui","공덕","06:46"
"5","공덕","gyeongui","공덕","06:47"
"5","공덕","gyeongui","공덕","06:46"
"5","공덕","gyeongui","공덕","06:47"
"5","공덕","airport","공덕","08:34"
"5","공덕","airport","공덕","07:38"
"5","공덕","airport","공덕","08:34"
"5","공덕","airport","공덕","07:38"
"5","충정로","2","충정로","07:14"
"5","충정로","2","충정로","07:14"
"5","충정로","2","충정로","07:14"
"5","충정로","2","충정로","07:14"
"5","종로3가","1","종로3가","07:38"
"5","종로3가","1","종로3가","08:24"
"5","종로3가","1","종로3가","07:06"
"5","종로3가","1","종로3가","09:14"
"5","종로3가","3","종로3가","03:43"
"5","종로3가","3","종로3가","03:46"
"5","종로3가","3","종로3가","03:23"
"5","종로3가","3","종로3가","05:39"
"5","을지로4가","2","을지로4가","03:37"
"5","을지로4가","2","을지로4가","04:18"
"5","을지로4가","2","을지로4가","04:18"
"5","을지로4가","2","을지로4가","03:37"
"5","동대문역사문화공원","2","동대문역사문화공원","07:00"
"5","동대문역사문화공원","2","동대문역사문화공원","07:00"
"5","동대문역사문화공원","2","동대문역사문화공원","07:00"
"5","동대문역사문화공원","2","동대문역사문화공원","07:00"
"5","동대문역사문화공원","4","동대문역사문화공원","04:00"
"5","동대문역사문화공원","4","동대문역사문화공원","03:54"
"5","동대문역사문화공원","4","동대문역사문화공원","03:50"
"5","동대문역사문화공원","4","동대문역사문화공원","04:00"
"5","청구","6","청구","02:30"
"5","청구","6","청구","02:37"
"5","청구","6","청구","02:37"
"5","청구","6","청구","02:30"
"5","왕십리","2","왕십리","05:03"
"5","왕십리","2","왕십리","05:01"
"5","왕십리","2","왕십리","03:57"
"5","왕십리","2","왕십리","03:55"
"5","왕십리","gyeongui","왕십리","07:23"
"5","왕십리","gyeongui","왕십리","08:29"
"5","왕십리","gyeongui","왕십리","08:29"
"5","왕십리","gyeongui","왕십리","07:23"
"5","왕십리","","1847","07:18"
"5","왕십리","","1847","08:24"
"5","왕십리","","1845","07:18"
"5","왕십리","","1845","07:18"
"5","군자","7","군자","03:25"
"5","군자","7","군자","02:34"
"5","군자","7","군자","03:25"
"5","군자","7","군자","02:34"
"5","천호","8","천호","00:39"
"5","천호","8","천호","00:39"
"5","천호","8","천호","00:43"
"5","천호","8","천호","00:43"
"5","올림픽공원","9","올림픽공원","00:59"
"5","올림픽공원","9","올림픽공원","04:15"
"5","올림픽공원","9","올림픽공원","03:52"
"5","올림픽공원","9","올림픽공원","03:38"
"5","오금","","0341","01:53"
"5","오금","","0341","02:10"
"6","불광","","0311","03:42"
"6","불광","","0313","03:48"
"6","연신내","","0310","05:43"
"6","연신내","","0312","05:47"
"6","디지털미디어시티","gyeongui","디지털미디어시티","03:20"
"6","디지털미디어시티","gyeongui","디지털미디어시티","02:13"
"6","디지털미디어시티","gyeongui","디지털미디어시티","02:25"
"6","디지털미디어시티","gyeongui","디지털미디어시티","03:46"
"6","디지털미디어시티","airport","디지털미디어시티","07:20"
"6","디지털미디어시티","airport","디지털미디어시티","06:44"
"6","디지털미디어시티","airport","디지털미디어시티","07:19"
"6","디지털미디어시티","airport","디지털미디어시티","11:50"
"6","합정","2","합정","02:31"
"6","합정","2","합정","03:23"
"6","합정","2","합정","02:29"
"6","합정","2","합정","02:32"
"6","공덕","5","공덕","02:25"
"6","공덕","5","공덕","03:27"
"6","공덕","5","공덕","03:27"
"6","공덕","5","공덕","02:25"
"6","공덕","gyeongui","공덕","05:39"
"6","공덕","gyeongui","공덕","07:03"
"6","공덕","gyeongui","공덕","04:11"
"6","공덕","gyeongui","공덕","05:39"
"6","공덕","airport","공덕","07:16"
"6","공덕","airport","공덕","05:04"
"6","공덕","airport","공덕","04:09"
"6","공덕","airport","공덕","05:44"
"6","효창공원앞","gyeongui","효창공원앞","03:31"
"6","효창공원앞","gyeongui","효창공원앞","06:40"
"6","효창공원앞","gyeongui","효창공원앞","06:40"
"6","효창공원앞","gyeongui","효창공원앞","03:31"
"6","삼각지","4","삼각지","03:44"
"6","삼각지","4","삼각지","03:37"
"6","삼각지","4","삼각지","03:37"
"6","삼각지","4","삼각지","03:44"
"6","약수","3","약수","04:18"
"6","약수","3","약수","04:10"
"6","약수","3","약수","04:18"
"6","약수","3","약수","04:10"
"6","청구","5","청구","02:37"
"6","청구","5","청구","02:37"
"6","청구","5","청구","02:30"
"6","청구","5","청구","02:30"
"6","신당","2","신당","07:07"
"6","신당","2","신당","07:07"
"6","신당","2","신당","07:01"
"6","신당","2","신당","07:01"
"6","동묘앞","1","동묘앞","03:36"
"6","동묘앞","1","동묘앞","03:33"
"6","동묘앞","1","동묘앞","03:36"
"6","동묘앞","1","동묘앞","03:33"
"6","보문","","4711","03:28"
"6","보문","","4713","03:30"
"6","보문","","4713","03:30"
"6","보문","","4711","03:28"
"6","석계","1","석계","05:19"
"6","석계","1","석계","05:25"
"6","석계","1","석계","05:17"
"6","석계","1","석계","05:18"
"6","태릉입구","7","태릉입구","01:59"
"6","태릉입구","7","태릉입구","02:19"
"6","태릉입구","7","태릉입구","02:09"
"6","태릉입구","7","태릉입구","01:58"
"7","도봉산","1","도봉산","05:54"
"7","도봉산","1","도봉산","03:37"
"7","도봉산","1","도봉산","03:43"
"7","도봉산","1","도봉산","05:53"
"7","노원","4","노원","08:20"
"7","노원","4","노원","09:19"
"7","노원","4","노원","08:20"
"7","노원","4","노원","09:01"
"7","태릉입구","6","태릉입구","02:19"
"7","태릉입구","6","태릉입구","01:59"
"7","태릉입구","6","태릉입구","01:58"
"7","태릉입구","6","태릉입구","02:09"
"7","상봉","gyeongui","상봉","10:15"
"7","상봉","gyeongui","상봉","06:53"
"7","상봉","gyeongui","상봉","06:56"
"7","상봉","gyeongui","상봉","10:01"
"7","상봉","gyeongchun","상봉","07:00"
"7","상봉","gyeongchun","상봉","07:06"
"7","상봉","gyeongchun","상봉","10:15"
"7","상봉","gyeongchun","상봉","10:01"
"7","군자","5","군자","02:34"
"7","군자","5","군자","03:25"
"7","군자","5","군자","03:25"
"7","군자","5","군자","02:34"
"7","건대입구","2","건대입구","05:35"
"7","건대입구","2","건대입구","05:25"
"7","건대입구","2","건대입구","03:49"
"7","건대입구","2","건대입구","03:44"
"7","강남구청","bundang","강남구청","03:36"
"7","강남구청","bundang","강남구청","03:40"
"7","강남구청","bundang","강남구청","03:32"
"7","강남구청","bundang","강남구청","03:34"
"7","고속터미널","3","고속터미널","04:17"
"7","고속터미널","3","고속터미널","04:06"
"7","고속터미널","3","고속터미널","06:48"
"7","고속터미널","3","고속터미널","04:19"
"7","고속터미널","9","고속터미널","09:13"
"7","고속터미널","9","고속터미널","08:53"
"7","고속터미널","9","고속터미널","09:04"
"7","고속터미널","9","고속터미널","09:17"
"7","이수","4","이수","05:17"
"7","이수","4","이수","03:44"
"7","이수","4","이수","03:48"
"7","이수","4","이수","05:24"
"7","보라매","","4405","03:00"
"7","보라매","","4405","03:00"
"7","보라매","","4403","03:00"
"7","보라매","","4403","03:00"
"7","대림","2","대림","05:55"
"7","대림","2","대림","05:21"
"7","대림","2","대림","05:18"
"7","대림","2","대림","05:57"
"7","가산디지털단지","1","가산디지털단지","04:13"
"7","가산디지털단지","1","가산디지털단지","05:23"
"7","가산디지털단지","1","가산디지털단지","04:02"
"7","가산디지털단지","1","가산디지털단지","03:44"
"7","온수","1","온수","03:45"
"7","온수","1","온수","03:32"
"7","온수","1","온수","03:49"
"7","온수","1","온수","03:29"
"7","부천종합운동장","seohae","부천종합운동장","03:33"
"7","부천종합운동장","seohae","부천종합운동장","03:33"
"7","부천종합운동장","seohae","부천종합운동장","03:33"
"7","부천종합운동장","seohae","부천종합운동장","03:33"
"8","구리","gyeongui","구리","00:43"
"8","구리","gyeongui","구리","00:43"
"8","구리","gyeongui","구리","00:43"
"8","구리","gyeongui","구리","00:43"
"8","천호","5","천호","00:39"
"8","천호","5","천호","00:39"
"8","천호","5","천호","00:43"
"8","천호","5","천호","00:43"
"8","잠실","2","잠실","04:01"
"8","잠실","2","잠실","04:11"
"8","잠실","2","잠실","04:01"
"8","잠실","2","잠실","03:58"
"8","석촌","9","석촌","02:10"
"8","석촌","9","석촌","02:16"
"8","석촌","9","석촌","02:20"
"8","석촌","9","석촌","02:16"
"8","가락시장","3","가락시장","01:52"
"8","가락시장","3","가락시장","02:02"
"8","가락시장","3","가락시장","02:02"
"8","가락시장","3","가락시장","01:52"
"8","복정","bundang","복정","00:30"
"8","복정","bundang","복정","00:40"
"8","복정","bundang","복정","00:40"
"8","복정","bundang","복정","00:30"
"9","김포공항","5","김포공항","05:28"
"9","김포공항","5","김포공항","03:33"
"9","김포공항","5","김포공항","03:56"
"9","김포공항","5","김포공항","05:35"
"9","김포공항","airport","김포공항","00:49"
"9","김포공항","airport","김포공항","00:05"
"9","김포공항","airport","김포공항","00:05"
"9","김포공항","airport","김포공항","00:51"
"9","김포공항","","4928","07:31"
"9","김포공항","","4928","05:35"
"9","김포공항","","104C","05:35"
"9","김포공항","","104C","05:35"
"9","김포공항","seohae","김포공항","05:35"
"9","김포공항","seohae","김포공항","05:35"
"9","마곡나루","airport","마곡나루","06:51"
"9","마곡나루","airport","마곡나루","06:56"
"9","마곡나루","airport","마곡나루","05:48"
"9","마곡나루","airport","마곡나루","05:57"
"9","당산","2","당산","05:16"
"9","당산","2","당산","05:22"
"9","당산","2","당산","05:46"
"9","당산","2","당산","05:46"
"9","여의도","5","여의도","01:56"
"9","여의도","5","여의도","01:58"
"9","여의도","5","여의도","01:59"
"9","여의도","5","여의도","02:01"
"9","샛강","","4402","03:00"
"9","샛강","","4402","03:00"
"9","노량진","1","노량진","05:13"
"9","노량진","1","노량진","03:40"
"9","노량진","1","노량진","05:20"
"9","노량진","1","노량진","03:35"
"9","동작","4","동작","08:30"
"9","동작","4","동작","08:20"
"9","동작","4","동작","08:30"
"9","동작","4","동작","08:20"
"9","고속터미널","3","고속터미널","05:03"
"9","고속터미널","3","고속터미널","05:01"
"9","고속터미널","3","고속터미널","03:21"
"9","고속터미널","3","고속터미널","05:30"
"9","고속터미널","7","고속터미널","09:17"
"9","고속터미널","7","고속터미널","09:13"
"9","고속터미널","7","고속터미널","09:04"
"9","고속터미널","7","고속터미널","08:53"
"9","선정릉","bundang","선정릉","02:39"
"9","선정릉","bundang","선정릉","02:26"
"9","선정릉","bundang","선정릉","02:26"
"9","선정릉","bundang","선정릉","02:39"
"9","종합운동장","2","종합운동장","06:52"
"9","종합운동장","2","종합운동장","07:01"
"9","종합운동장","2","종합운동장","07:06"
"9","종합운동장","2","종합운동장","06:58"
"9","석촌","8","석촌","02:16"
"9","석촌","8","석촌","02:10"
"9","석촌","8","석촌","02:20"
"9","석촌","8","석촌","02:16"
"9","올림픽공원","5","올림픽공원","03:52"
"9","올림픽공원","5","올림픽공원","00:59"
"9","올림픽공원","5","올림픽공원","04:15"
"9","올림픽공원","5","올림픽공원","03:38"
"gyeongui","대곡","3","대곡","05:22"
"gyeongui","대곡","3","대곡","05:19"
"gyeongui","대곡","3","대곡","05:11"
"gyeongui","대곡","3","대곡","05:27"
"gyeongui","이촌","4","이촌","03:25"
"gyeongui","이촌","4","이촌","02:12"
"gyeongui","이촌","4","이촌","03:22"
"gyeongui","이촌","4","이촌","03:42"
"gyeongui","용산","1","용산","03:32"
"gyeongui","용산","1","용산","03:48"
"gyeongui","용산","1","용산","03:52"
"gyeongui","용산","1","용산","03:42"
"gyeongui","옥수","3","옥수","05:01"
"gyeongui","옥수","3","옥수","05:20"
"gyeongui","옥수","3","옥수","04:15"
"gyeongui","옥수","3","옥수","05:14"
"gyeongui","왕십리","2","왕십리","02:13"
"gyeongui","왕십리","2","왕십리","03:34"
"gyeongui","왕십리","2","왕십리","03:34"
"gyeongui","왕십리","2","왕십리","02:13"
"gyeongui","왕십리","5","왕십리","07:23"
"gyeongui","왕십리","5","왕십리","08:29"
"gyeongui","왕십리","5","왕십리","07:23"
"gyeongui","왕십리","5","왕십리","08:29"
"gyeongui","왕십리","","1847","02:38"
"gyeongui","왕십리","","1847","02:38"
"gyeongui","왕십리","","1845","02:38"
"gyeongui","왕십리","","1845","02:38"
"gyeongui","청량리","1","청량리","05:56"
"gyeongui","청량리","1","청량리","05:56"
"gyeongui","청량리","1","청량리","09:10"
"gyeongui","청량리","1","청량리","09:10"
"gyeongui","청량리","gyeongchun","청량리","02:25"
"gyeongui","청량리","gyeongchun","청량리","03:43"
"gyeongui","청량리","gyeongchun","청량리","02:25"
"gyeongui","청량리","1","청량리","02:25"
"gyeongui","청량리","1","청량리","03:43"
"gyeongui","회기","1","회기","02:21"
"gyeongui","회기","1","회기","02:03"
"gyeongui","회기","1","회기","02:03"
"gyeongui","회기","1","회기","02:15"
"gyeongui","회기","gyeongchun","회기","00:08"
"gyeongui","회기","gyeongchun","회기","00:08"
"gyeongui","중랑","gyeongchun","중랑","01:00"
"gyeongui","중랑","gyeongchun","중랑","00:00"
"gyeongui","중랑","gyeongchun","중랑","00:00"
"gyeongui","중랑","gyeongchun","중랑","01:00"
"gyeongui","상봉","7","상봉","10:15"
"gyeongui","상봉","7","상봉","06:56"
"gyeongui","상봉","7","상봉","10:01"
"gyeongui","상봉","7","상봉","06:53"
"gyeongui","상봉","gyeongchun","상봉","03:35"
"gyeongui","상봉","gyeongchun","상봉","03:35"
"gyeongui","상봉","gyeongchun","상봉","03:35"
"gyeongui","상봉","gyeongchun","상봉","03:35"
"gyeongui","상봉","gyeongchun","상봉","03:35"
"gyeongui","망우","gyeongchun","망우","05:07"
"gyeongui","망우","gyeongchun","망우","05:16"
"gyeongui","망우","gyeongchun","망우","03:44"
"gyeongui","망우","gyeongchun","망우","03:44"
"gyeongui","망우","gyeongchun","망우","03:44"
"gyeongui","구리","8","구리","00:43"
"gyeongui","구리","8","구리","00:43"
"gyeongui","구리","8","구리","00:43"
"gyeongui","구리","8","구리","00:43"
"gyeongui","효창공원앞","6","효창공원앞","03:31"
"gyeongui","효창공원앞","6","효창공원앞","06:40"
"gyeongui","효창공원앞","6","효창공원앞","03:31"
"gyeongui","효창공원앞","6","효창공원앞","06:40"
"gyeongui","공덕","5","공덕","06:46"
"gyeongui","공덕","5","공덕","06:47"
"gyeongui","공덕","5","공덕","06:47"
"gyeongui","공덕","5","공덕","06:46"
"gyeongui","공덕","6","공덕","07:03"
"gyeongui","공덕","6","공덕","05:39"
"gyeongui","공덕","6","공덕","05:39"
"gyeongui","공덕","6","공덕","04:11"
"gyeongui","공덕","airport","공덕","05:33"
"gyeongui","공덕","airport","공덕","05:49"
"gyeongui","공덕","airport","공덕","05:48"
"gyeongui","공덕","airport","공덕","07:01"
"gyeongui","홍대입구","2","홍대입구","06:45"
"gyeongui","홍대입구","2","홍대입구","06:48"
"gyeongui","홍대입구","airport","홍대입구","05:42"
"gyeongui","홍대입구","airport","홍대입구","05:07"
"gyeongui","디지털미디어시티","6","디지털미디어시티","02:13"
"gyeongui","디지털미디어시티","6","디지털미디어시티","03:46"
"gyeongui","디지털미디어시티","6","디지털미디어시티","03:20"
"gyeongui","디지털미디어시티","6","디지털미디어시티","02:25"
"gyeongui","디지털미디어시티","airport","디지털미디어시티","11:47"
"gyeongui","디지털미디어시티","airport","디지털미디어시티","10:06"
"gyeongui","디지털미디어시티","airport","디지털미디어시티","16:52"
"gyeongui","디지털미디어시티","airport","디지털미디어시티","15:29"
"gyeongchun","회기","","1016","02:09"
"gyeongchun","회기","1","회기","02:09"
"gyeongchun","회기","1","회기","02:09"
"gyeongchun","회기","","1016","02:09"
"gyeongchun","회기","","1014","00:07"
"gyeongchun","중랑","gyeongui","중랑","07:30"
"gyeongchun","중랑","gyeongui","중랑","07:30"
"gyeongchun","중랑","gyeongui","중랑","07:30"
"gyeongchun","중랑","gyeongui","중랑","07:30"
"gyeongchun","상봉","7","상봉","10:15"
"gyeongchun","상봉","7","상봉","10:01"
"gyeongchun","상봉","7","상봉","07:00"
"gyeongchun","상봉","7","상봉","07:06"
"gyeongchun","상봉","gyeongui","상봉","03:35"
"gyeongchun","상봉","gyeongui","상봉","03:35"
"gyeongchun","상봉","gyeongui","상봉","03:35"
"gyeongchun","상봉","gyeongui","상봉","03:35"
"gyeongchun","상봉","gyeongui","상봉","03:35"
"gyeongchun","망우","gyeongui","망우","05:07"
"gyeongchun","망우","gyeongui","망우","03:44"
"gyeongchun","망우","gyeongui","망우","03:44"
"gyeongchun","망우","gyeongui","망우","03:44"
"gyeongchun","망우","gyeongui","망우","05:16"
"gyeongchun","신내","6","신내","03:45"
"gyeongchun","신내","6","신내","02:34"
"gyeongchun","별내","8","별내","00:43"
"gyeongchun","별내","8","별내","00:43"
"airport","공덕","5","공덕","08:34"
"airport","공덕","5","공덕","07:38"
"airport","공덕","5","공덕","07:38"
"airport","공덕","5","공덕","08:34"
"airport","공덕","6","공덕","04:09"
"airport","공덕","6","공덕","05:04"
"airport","공덕","6","공덕","05:44"
"airport","공덕","6","공덕","07:16"
"airport","공덕","gyeongui","공덕","05:33"
"airport","공덕","gyeongui","공덕","07:01"
"airport","공덕","gyeongui","공덕","05:49"
"airport","공덕","gyeongui","공덕","05:48"
"airport","홍대입구","2","홍대입구","11:46"
"airport","홍대입구","2","홍대입구","10:57"
"airport","홍대입구","2","홍대입구","08:31"
"airport","홍대입구","2","홍대입구","08:28"
"airport","홍대입구","gyeongui","홍대입구","05:42"
"airport","홍대입구","gyeongui","홍대입구","05:07"
"airport","디지털미디어시티","6","디지털미디어시티","11:50"
"airport","디지털미디어시티","6","디지털미디어시티","07:20"
"airport","디지털미디어시티","6","디지털미디어시티","07:19"
"airport","디지털미디어시티","6","디지털미디어시티","06:44"
"airport","디지털미디어시티","gyeongui","디지털미디어시티","10:06"
"airport","디지털미디어시티","gyeongui","디지털미디어시티","16:52"
"airport","디지털미디어시티","gyeongui","디지털미디어시티","11:47"
"airport","디지털미디어시티","gyeongui","디지털미디어시티","15:29"
"airport","마곡나루","9","마곡나루","06:51"
"airport","마곡나루","9","마곡나루","06:56"
"airport","마곡나루","9","마곡나루","05:57"
"airport","마곡나루","9","마곡나루","05:48"
"airport","김포공항","5","김포공항","05:28"
"airport","김포공항","5","김포공항","05:35"
"airport","김포공항","5","김포공항","03:59"
"airport","김포공항","5","김포공항","03:56"
"airport","김포공항","9","김포공항","00:05"
"airport","김포공항","9","김포공항","00:51"
"airport","김포공항","9","김포공항","00:49"
"airport","김포공항","9","김포공항","00:05"
"airport","김포공항","","4928","06:42"
"airport","김포공항","","4928","07:31"
"airport","김포공항","seohae","김포공항","00:05"
"airport","김포공항","","104C","00:05"
"airport","김포공항","","104C","00:05"
"airport","김포공항","seohae","김포공항","00:05"
"airport","계양","incheon","계양","02:20"
"airport","계양","incheon","계양","02:19"
"airport","계양","incheon","계양","02:19"
"airport","계양","incheon","계양","02:20"
"airport","검암","incheon2","검암","07:29"
"airport","검암","incheon2","검암","07:38"
"airport","검암","incheon2","검암","07:19"
"airport","검암","incheon2","검암","08:29"
"seohae","김포공항","5","김포공항","03:07"
"seohae","김포공항","5","김포공항","03:07"
"seohae","김포공항","5","김포공항","03:07"
"seohae","김포공항","5","김포공항","03:07"
"seohae","김포공항","9","김포공항","03:07"
"seohae","김포공항","9","김포공항","03:07"
"seohae","김포공항","9","김포공항","03:07"
"seohae","김포공항","9","김포공항","03:07"
"seohae","김포공항","airport","김포공항","03:07"
"seohae","김포공항","airport","김포공항","03:07"
"seohae","김포공항","airport","김포공항","03:07"
"seohae","김포공항","airport","김포공항","03:07"
"seohae","김포공항","","4928","03:07"
"seohae","김포공항","","4928","03:07"
"seohae","부천종합운동장","7","부천종합운동장","03:33"
"seohae","부천종합운동장","7","부천종합운동장","03:33"
"seohae","부천종합운동장","7","부천종합운동장","03:33"
"seohae","부천종합운동장","7","부천종합운동장","03:33"
"seohae","초지","4","초지","07:20"
"seohae","초지","4","초지","07:18"
"seohae","초지","4","초지","07:31"
"seohae","초지","4","초지","07:39"
"seohae","초지","bundang","초지","07:39"
"seohae","초지","bundang","초지","07:39"
"seohae","초지","bundang","초지","07:20"
"seohae","초지","bundang","초지","08:45"
"bundang","선릉","2","선릉","02:08"
"bundang","선릉","2","선릉","02:02"
"bundang","선릉","2","선릉","02:06"
"bundang","선릉","2","선릉","02:10"
"bundang","도곡","3","도곡","01:52"
"bundang","도곡","3","도곡","01:52"
"bundang","도곡","3","도곡","02:17"
"bundang","도곡","3","도곡","01:53"
"bundang","수서","3","수서","02:20"
"bundang","수서","3","수서","02:34"
"bundang","수서","3","수서","02:34"
"bundang","수서","3","수서","02:20"
"bundang","복정","8","복정","00:30"
"bundang","복정","8","복정","00:40"
"bundang","복정","8","복정","00:40"
"bundang","복정","8","복정","00:30"
"bundang","오이도","","1761","01:43"
"bundang","오이도","","1761","00:30"
"bundang","오이도","","1761","00:30"
"bundang","한대앞","4","한대앞","00:57"
"bundang","한대앞","4","한대앞","00:30"
"bundang","한대앞","4","한대앞","00:30"
"bundang","한대앞","4","한대앞","00:57"
"bundang","한대앞","4","한대앞","00:30"
"bundang","중앙","4","중앙","01:40"
"bundang","중앙","4","중앙","01:40"
"bundang","중앙","4","중앙","00:30"
"bundang","중앙","4","중앙","00:30"
"bundang","중앙","4","중앙","00:30"
"bundang","고잔","4","고잔","00:30"
"bundang","고잔","4","고잔","00:30"
"bundang","고잔","4","고잔","00:30"
"bundang","고잔","4","고잔","00:30"
"bundang","고잔","4","고잔","01:54"
"bundang","고잔","4","고잔","01:54"
"bundang","초지","seohae","초지","07:39"
"bundang","초지","seohae","초지","07:39"
"bundang","초지","seohae","초지","07:20"
"bundang","초지","seohae","초지","08:45"
"bundang","안산","4","안산","01:41"
"bundang","안산","4","안산","00:30"
"bundang","안산","4","안산","00:30"
"bundang","안산","4","안산","00:30"
"bundang","안산","4","안산","00:30"
"bundang","안산","4","안산","01:41"
"bundang","신길온천","4","신길온천","00:30"
"bundang","신길온천","4","신길온천","00:30"
"bundang","신길온천","4","신길온천","00:30"
"bundang","신길온천","4","신길온천","01:42"
"bundang","신길온천","4","신길온천","01:42"
"bundang","신길온천","4","신길온천","00:30"
"bundang","정왕","4","정왕","00:30"
"bundang","정왕","4","정왕","00:30"
"bundang","정왕","4","정왕","02:12"
"bundang","정왕","4","정왕","02:12"
"bundang","정왕","4","정왕","00:30"
"bundang","수원","1","수원","04:02"
"bundang","수원","1","수원","04:12"
"bundang","수원","1","수원","05:09"
"bundang","수원","1","수원","05:38"
"bundang","강남구청","7","강남구청","03:34"
"bundang","강남구청","7","강남구청","03:32"
"bundang","강남구청","7","강남구청","03:36"
"bundang","강남구청","7","강남구청","03:40"
"bundang","선정릉","9","선정릉","02:39"
"bundang","선정릉","9","선정릉","02:26"
"bundang","선정릉","9","선정릉","02:39"
"bundang","선정릉","9","선정릉","02:26"
"bundang","모란","8","모란","02:23"
"bundang","모란","8","모란","03:43"
"bundang","정자","sinbundang","정자","04:08"
"bundang","정자","sinbundang","정자","02:35"
"bundang","정자","sinbundang","정자","02:20"
"bundang","정자","sinbundang","정자","03:56"
"bundang","미금","sinbundang","미금","03:42"
"bundang","미금","sinbundang","미금","05:43"
"bundang","미금","sinbundang","미금","03:52"
"bundang","미금","sinbundang","미금","05:21"
"bundang","이매","","1503","02:05"
"bundang","이매","","1501","02:04"
"bundang","이매","","1503","02:28"
"bundang","이매","","1501","01:52"
"bundang","기흥","","4502","07:00"
"bundang","기흥","","4502","07:00"
"bundang","원인재","incheon","원인재","05:30"
"bundang","원인재","incheon","원인재","05:07"
"bundang","원인재","incheon","원인재","05:07"
"bundang","원인재","incheon","원인재","05:30"
"sinbundang","강남","2","강남","05:52"
"sinbundang","강남","2","강남","05:05"
"sinbundang","양재","3","양재","03:20"
"sinbundang","양재","3","양재","03:46"
"sinbundang","양재","3","양재","03:46"
"sinbundang","양재","3","양재","04:16"
"sinbundang","판교","","1502","02:01"
"sinbundang","판교","","1502","00:58"
"sinbundang","정자","bundang","정자","04:08"
"sinbundang","정자","bundang","정자","03:56"
"sinbundang","정자","bundang","정자","02:35"
"sinbundang","정자","bundang","정자","02:20"
"sinbundang","미금","bundang","미금","03:42"
"sinbundang","미금","bundang","미금","05:43"
"sinbundang","미금","bundang","미금","05:21"
"sinbundang","미금","bundang","미금","03:52"
"incheon2","검암","airport","검암","07:29"
"incheon2","검암","airport","검암","07:19"
"incheon2","검암","airport","검암","08:29"
"incheon2","검암","airport","검암","07:38"
"incheon2","석남","7","석남","05:45"
"incheon2","석남","7","석남","05:26"
"incheon2","주안","1","주안","03:51"
"incheon2","주안","1","주안","04:11"
"incheon2","주안","1","주안","04:06"
"incheon2","주안","1","주안","03:45"
"incheon2","인천시청","incheon","인천시청","04:06"
"incheon2","인천시청","incheon","인천시청","04:17"
"incheon2","인천시청","incheon","인천시청","04:00"
"incheon2","인천시청","incheon","인천시청","04:14"
"incheon","부평구청","7","부평구청","02:23"
"incheon","부평구청","7","부평구청","02:17"
"incheon","부평구청","7","부평구청","01:58"
"incheon","부평구청","7","부평구청","02:16"
"incheon","부평","1","부평","07:20"
"incheon","부평","1","부평","07:22"
"incheon","부평","1","부평","07:17"
"incheon","부평","1","부평","07:20"
"incheon","인천시청","incheon2","인천시청","04:17"
"incheon","인천시청","incheon2","인천시청","04:14"
"incheon","인천시청","incheon2","인천시청","04:06"
"incheon","인천시청","incheon2","인천시청","04:00"
"incheon","원인재","bundang","원인재","05:30"
"incheon","원인재","bundang","원인재","05:30"
"incheon","원인재","bundang","원인재","05:07"
"incheon","원인재","bundang","원인재","05:07"
