┐м╣°,╚г╝▒,╟╤▒█,╟╤└┌,┐╡╣о,┴▀▒╣╛ю,└╧║╗╛ю,
1,1╚г╝▒,╝н┐я┐к,-,Seoul Station,т╧?є╫,л╜лжлылшлп,
2,1╚г╝▒,╜├├╗,у╝ Їц,City Hall,у╝?,л╖л┴лчлє,
3,1╚г╝▒,┴╛░в,ёд ╩╚,Jonggak,??,л┴лчлєлмлп,
4,1╚г╝▒,┴╛╖╬3░б,ёг╓╪ 3╩╢,Jongno 3(sam)ga,?╓╪▀▓╩╢,л┴лчлєл╬л╡лрлм,
5,1╚г╝▒,┴╛╖╬5░б,ёг╓╪ 5╩╢,Jongno 5(o)ga,?╓╪чщ╩╢,л┴лчлєл╬лклм,
6,1╚г╝▒,╡┐┤ы╣о,╘╘ ╙▐ ┌ж,Dongdaemun,?╙▐?,л╚лєл╟лрлє,
7,1╚г╝▒,╡┐╣ж╛╒,╘╘ ┘┘ ╛╒,Dongmyo,??,л╚лєл▀лчлвл╫,
8,1╚г╝▒,╜┼╝│╡┐,уц рт ╘╫,Sinseoldong,уц?╘╫,л╖лєл╜лыл╚лє,
9,1╚г╝▒,┴ж▒т╡┐,Ёо ╨ё ╘╫,Jegidong,Ёо╨ё╘╫,л┴лзлол╔лє,
10,1╚г╝▒,├╗╖о╕о(╝н┐я╜├╕│┤ы└╘▒╕),Їш ╒╪ ╫ь(╝н┐яу╝╪б╙▐ь¤╧в),Cheongnyangni(University of Seoul),?╒╪╫ь(т╧?у╝╪б╙▐?),л┴лчлєл╦лулєл╦,
11,2╚г╝▒,╜├├╗,у╝Їц,City Hall,у╝?,л╖л┴лчлє,
12,2╚г╝▒,└╗┴Ў╖╬└╘▒╕,ырЄи╓╪ь¤╧в,Euljiro 1(il)ga,ырЄи╓╪ь¤╧в,лжлыл┴лэлдл├лп,
13,2╚г╝▒,└╗┴Ў╖╬3░б,ырЄи╓╪3╩╢,Euljiro 3(sam)ga,ырЄи╓╪▀▓╩╢,лжлыл┴лэл╡лрлм,
14,2╚г╝▒,└╗┴Ў╖╬4░б,ырЄи╓╪4╩╢,Euljiro 4(sa)ga,ырЄи╓╪▐╠╩╢,лжлыл┴лэл╡лм,
15,2╚г╝▒,╡┐┤ы╣о┐к╗ч╣о╚н░°┐°(DDP),╘╘╙▐┌жц╕▐╚┘■√∙═ыъо(DDP),Dongdaemun History & Culture Park(DDP),?╙▐??▐╚┘■√∙═ы?(DDP),л╚лєл╟лрлєлшлпл╡лрлєл╒лбл┤лєлжлйлє(DDP),
16,2╚г╝▒,╜┼┤ч,уц╙╤,Sindang,уц╙╤,л╖лєл└лє,
17,2╚г╝▒,╗є┐╒╜╩╕о,▀╛ш┘фи╫ь,Sangwangsimni,▀╛ш┘фи╫ь,л╡лєлялєл╖лрл╦,
18,2╚г╝▒,┐╒╜╩╕о(╝║╡┐▒╕├╗),ш┘фи╫ь(рЄ╘╘╧бЇц),Wangsimni(Seongdong-gu Office),ш┘фи╫ь(рЄ???),лялєл╖лрл╦(л╜лєл╔лє??),
19,2╚г╝▒,╟╤╛ч┤ы,∙╙х╒╙▐,Hanyang Univ.,??╙▐?,л╧л╦лулєл╟,
20,2╚г╝▒,╢╥╝╢,,Ttukseom,╘└?,л╚лел├л╜лр,
21,2╚г╝▒,╝║╝Ў,сбтй,Seongsu,?тй,л╜лєл╣,
22,2╚г╝▒,░╟┤ы└╘▒╕,╦я╙▐ь¤╧в,Konkuk Univ.,╦я?╙▐?,л│лєл╟лдл├лп,
23,2╚г╝▒,▒╕└╟(▒д┴°▒╕├╗),╬·ыё(╬╞Є╨╧бЇц),Guui (Gwangjin-gu Office),╬·ыё(?Є╨??),лплд,
24,2╚г╝▒,░н║п(╡┐╝н┐я┼═╣╠│╬),╦░▄л(╘╘╝н┐я┼═╣╠│╬),Gangbyeon (Dongseoul Bus Terminal),╦░?(?т╧?╦╘?є╫),лллєл╙лчлє,
25,2╚г╝▒,└с╜╟│к╖ч,э┘у°│к╖ч,Jamsillaru,?у°╘д╧в,л┴лулрл╖лыл╩лы,
26,2╚г╝▒,└с╜╟(╝█╞─▒╕├╗),э┘у°(сцўч╧бЇц),Jamsil (Songpa-gu Office),?у°(сцўч??),л┴лулрл╖лы,
27,2╚г╝▒,└с╜╟╗ї│╗,,Jamsilsaenae,?у°уцЇ╣,л┴лулрл╖лыл╗л═,
28,2╚г╝▒,┴╛╟╒┐ю╡┐└х,Ё№∙ъъб╘╤э▐,Sports Complex,?∙ъ???,л┴лчлєл╧л╓лєл╔лєл╕лулє,
29,2╚г╝▒,╗я╝║(╣л┐к╝╛┼═),▀▓рў(┘їц╢╝╛┼═),Samseong (World Trade Center Seoul),▀▓рў(?юўёщу¤),л╡лрл╜лє(▀▓рў),
30,2╚г╝▒,╝▒╕к,р╛╫╒,Seolleung,р╛╫╒,л╜лєлылє,
31,2╚г╝▒,┐к╗я,ц╛▀▓,Yeoksam,?▀▓,лшл├л╡лр,
32,2╚г╝▒,░н│▓,╦░╤ї,Gangnam,╦░╤ї,лллєл╩лр,
33,2╚г╝▒,▒│┤ы(╣¤┐°бд░╦┬√├╗),╬ч╙▐(█Ўъ┬бд╦■є╠Їц),Seoul Nat'l Univ. of Education(Court & Prosecutorsбп Office),т╧??ы└╙▐?(█Ўъ┬бд?є╠?),лнлчл╟,
34,2╚г╝▒,╝н├╩,▀·їо,Seocho,▀·їо,л╜л┴лч,
35,2╚г╝▒,╣ц╣ш,█░█╬,Bangbae,█░█╬,л╤лєл┘,
36,2╚г╝▒,╗ч┤ч,▐ь╙╤,Sadang,▐ь╙╤,л╡л└лє,
37,2╚г╝▒,│л╝║┤ы(░н░и┬∙),╤цр°╙▄(╦й╩√є╟),Nakseongdae(Ganggamchan),╤цр°╙▄(╦й╩√?),л╩лпл╜лєл╟(лллє?лмлрл┴лулє),
38,2╚г╝▒,╝н┐я┤ы└╘▒╕(░№╛╟▒╕├╗),╝н┐я╙▐ь¤╧в(╬оф┐╧бЇц),Seoul Natбоl Univ. (Gwanak-gu Office),т╧?╙▐?(╬оф┐??),л╜лжлыл╟лдл├лп,
39,2╚г╝▒,║└├╡,▄хЇ╕,Bongcheon,▄хЇ╕,л▌лєл┴лчлє,
40,2╚г╝▒,╜┼╕▓,уц╫∙,Sillim,уц╫∙,л╖лєлълр,
41,2╚г╝▒,╜┼┤ы╣ц,уц╙▐█░,Sindaebang,уц╙▐█░,л╖лєл╟л╨лє,
42,2╚г╝▒,▒╕╖╬╡Ё┴Ў┼╨┤▄┴Ў,╬·╓╒╡Ё┴Ў┼╨╙еЄв,Guro Digital Complex,╬·╓╒????,лплэ?л╟л╕л┐лыл└лєл╕,
43,2╚г╝▒,┤ы╕▓(▒╕╖╬▒╕├╗),╙▐╫∙(╬·╓╒╧бЇц),Daerim (Guro-gu Office),╙▐╫∙(╬·╓╒??),л╞лълр,
44,2╚г╝▒,╜┼╡╡╕▓,уц╘│╫∙,Sindorim,уц╘│╫∙,л╖лєл╔лълр,
45,2╚г╝▒,╣о╖б,┘■╒╬,Mullae,┘■?,лрлєль,
46,2╚г╝▒,┐╡╡ю╞ў▒╕├╗,ч╡╘Ї°▌╧бЇц,Yeongdeungpo-gu Office,ч╡╘Ї°▌??,лшлєл╔лелєл▌л░л┴лчлє,
47,2╚г╝▒,┤ч╗ъ,╙╤▀г,Dangsan,╙╤▀г,л┐лєл╡лє,
48,2╚г╝▒,╟╒┴д,∙ъя╠,Hapjeong,∙ъя╠,л╧л╫л┴лчлє,
49,2╚г╝▒,╚л┤ы└╘▒╕,√Ё╙▐ь¤╧в,Hongik Univ.,√Ёь╠╙▐?,л█лєл╟лдл├лп,
50,2╚г╝▒,╜┼├╠(┴Ў╟╧),уцї╜,Sinchon,уцї╜,л╖лєл┴лчлє(уцї╜),
51,2╚г╝▒,└╠┤ы,ь▒╙▐,Ewha Womans Univ.,ь▒№г╥│эн╙▐?,лдл╟,
52,2╚г╝▒,╛╞╟Ў,ф╣·╓,Ahyeon,ф╣?,лвл╥лчлє,
53,2╚г╝▒,├ц┴д╖╬(░ц▒т┤ы└╘▒╕),їўяс╓╪(╠╚╤▓╙▐ь¤╧в),Chungjeongno (Kyonggi Univ.),їўяс╓╪(╠╚╤▓╙▐?),л┴лхлєл╕лчлєл╬,
54,2╚г╝▒(┴Ў╝▒),┐ы┤ф,щ╠╙╬,Yongdap,?╙╬,лшлєл└л╫,
55,2╚г╝▒(┴Ў╝▒),╜┼┤ф,уц╙╬,Sindap,уц╙╬,л╖лєл└л╫,
56,2╚г╝▒(┴Ў╝▒),┐ы╡╬(╡┐┤ы╣о▒╕├╗),щ╠╘щ(╘╘╙▐┌ж╧бЇц),Yongdu (Dongdaemun-gu Office),??(?╙▐???),лшлєл╔ле,
57,2╚г╝▒(┴Ў╝▒),╜┼╝│╡┐,уцрт╘╫,Sinseoldong,уц?╘╫,л╖лєл╜лыл╚лє,
58,2╚г╝▒(┴Ў╝▒),╡╡╕▓├╡,╘│ьўЇ╣,Dorimcheon,╘│ьўЇ╣,л╚лълрл┴лчлє,
59,2╚г╝▒(┴Ў╝▒),╛ч├╡▒╕├╗,х╒Ї╣╧бЇц,Yangcheon-gu Office,?Ї╣??,лфлєл┴лчлєл░л┴лчлє,
60,2╚г╝▒(┴Ў╝▒),╜┼┴д│╫░┼╕о,уця═│╫░┼╕о,Sinjeongnegeori,уця═фиэо╓╪╧в,л╖лєл╕лчлєл═л┤лъ,
61,2╚г╝▒(┴Ў╝▒),▒ю─б╗ъ,▒ю─б▀г,Kkachisan,¤ь?▀г,ллл┴л╡лє,
62,3╚г╝▒,┴Ў├р,Є╡┘╩їф,Jichuk,?╥ю,л┴л┴лхлп,
63,3╚г╝▒,▒╕╞─╣▀,╧┴ўъ┌№,Gupabal,?ўъ?,лпл╤л╨лы,
64,3╚г╝▒,┐м╜┼│╗,,Yeonsinnae,ц┼уцЇ╣,лшлєл╖лєл═,
65,3╚г╝▒,║╥▒д,▌╓╬├,Bulgwang,▌╓╬├,л╫лыл░лблє,
66,3╚г╝▒,│ь╣°,╥╧█ф,Nokbeon,╓▐┌Є,л╬л├л▌лє,
67,3╚г╝▒,╚л┴ж,√ЁЁн,Hongje,√Ё?,л█лєл╕лз,
68,3╚г╝▒,╣л╛╟└ч,┘ьф┐└ч,Muakjae,┘ьф┐?,лрлвлпл┴лз,
69,3╚г╝▒,╡╢╕│╣о,╘╝╪б┌ж,Dongnimmun,?╪б?,л╚лєл╦лєлрлє,
70,3╚г╝▒,░ц║╣▒├(┴д║╬╝н┐я├╗╗ч),╠╪▄╪╧р(я┘▌дёщфчЇц▐ь),Gyeongbokgung (Government Complex-Seoul),╠╪▄╪?(я┘▌дт╧??▐ь),лнлчлєл▄л├лплє,
71,3╚г╝▒,╛╚▒╣,ф╠╧╨,Anguk,ф╠?,лвлєл░лп,
72,3╚г╝▒,┴╛╖╬3░б,ёг╓╪3╩╢,Jongno 3(sam)ga,?╓╪▀▓╩╢,л┴лчлєл╬л╡лрлм,
73,3╚г╝▒,└╗┴Ў╖╬3░б,ырЄи╓╪3╩╢,Euljiro 3(sam)ga,ырЄи╓╪▀▓╩╢,лжлыл┴лэл╡лрлм,
74,3╚г╝▒,├ц╣л╖╬,їў┘ы╓╪,Chungmuro,їў┘ы╓╪,л┴лхлєлрлэ,
75,3╚г╝▒,╡┐┤ы└╘▒╕,╘╘╙▐ь¤╧в,Dongguk Univ.,??╙▐?,л╚лєл╟лдл├лп,
76,3╚г╝▒,╛р╝Ў,х╖тй,Yaksu,?тй,лфлпл╣ ,
77,3╚г╝▒,▒▌╚г,╤╤√╔,Geumho,╤╤√╔,лплрл█,
78,3╚г╝▒,┐┴╝Ў,шмтй,Oksu,шмтй,лклпл╣,
79,3╚г╝▒,╛╨▒╕┴д,фф╧╬я═,Apgujeong,фф?я═,лвл├лпл╕лчлє,
80,3╚г╝▒,╜┼╗ч,уц▐▐,Sinsa,уц▐▐,л╖лєл╡,
81,3╚г╝▒,└с┐°,э┘ъ┬,Jamwon,?ъ┬,л┴лулрлйлє,
82,3╚г╝▒,░э╝╙┼═╣╠│╬,═╘с▄┼═╣╠│╬,Express Bus Terminal,═╘с▄ўщ▐═╦╘?є╫,л│л╜лпл┐?л▀л╩лы,
83,3╚г╝▒,▒│┤ы(╣¤┐°бд░╦┬√├╗),╬ч ╙▐(█Ўъ┬бд╦■є╠Їц),Seoul Nat'l Univ. of Education(Court & Prosecutorsбп Office),т╧??ы└╙▐?(█Ўъ┬бд?є╠?),лнлчл╟?,
84,3╚г╝▒,│▓║╬┼═╣╠│╬(┐╣╝·└╟└№┤ч),╤ї▌╗┼═╣╠│╬(ч▌т·└╟ю№╙╤),Nambu Bus Terminal (Seoul Arts Center),╤ї▌╗╦╘?є╫(??ю№╙╤),л╩лєл╓л┐?л▀л╩лы,
85,3╚г╝▒,╛ч└ч(╝н├╩▒╕├╗),х╨юж(▀·їо╧бЇц),Yangjae (Seocho-gu Office),╒▐юж(▀·їо??),лфлєл╕лз,
86,3╚г╝▒,╕┼║└,,Maebong,╪▐▄ш,лсл▄лє,
87,3╚г╝▒,╡╡░ю,╘│═█,Dogok,╘│═█,л╚л┤лп,
88,3╚г╝▒,┤ы─б,╙▐Ў╣,Daechi,╙▐Ў╣,л╞л┴,
89,3╚г╝▒,╟╨┐й┐я,∙═┐й┐я,Hangnyeoul,??,л╧лєл╦лчлжлы ,
90,3╚г╝▒,┤ы├╗,,Daecheong,╙▐?,л╞л┴лчлє,
91,3╚г╝▒,└╧┐°,ьяъ┬,Irwon,ьяъ┬,лдлылйлє,
92,3╚г╝▒,╝Ў╝н,тйрд,Suseo,тйрд,л╣л╜,
93,3╚г╝▒,░б╢Ї╜├└х,╩ж╒еу╝э■,Garak Market,╩ж?у╝?,лллщлп?л╖л╕лулє,
94,3╚г╝▒,░ц┬√║┤┐°,╠эє╠▄╗ъ┬,National Police Hospital,╠эє╠?ъ┬,лнлчлєл┴лулы?л╘лчлєлжлйлє,
95,3╚г╝▒,┐└▒▌,ч№╨╓,Ogeum,ч№╨╓,лкл░лр,
96,4╚г╝▒,┤ч░э░│,,Danggogae,╙╤?,л┐лєл┤л▓,"б╪┴°┴в╝▒ 3░│┐к(║░│╗║░░б╢ў, ┐└│▓, ┴°┴в) ┴ж┐▄
│▓╛ч┴╓╡╡╜├░°╗ч ░№╟╥"
97,4╚г╝▒,╗є░ш,▀╛═в,Sanggye,▀╛═в,л╡лєл▓,
98,4╚г╝▒,│ы┐°,╥╚ъл,Nowon,√╪ъл,л╬лжлйлє,
99,4╚г╝▒,├в╡┐,є┌╘╫,Changdong,?╘╫,л┴лулєл╔лє,
100,4╚г╝▒,╜╓╣о,фк┌ж,Ssangmun,??,л╡лєлрлє,
101,4╚г╝▒,╝Ў└п(░н║╧▒╕├╗),тйы▓(╦░▌┴╧бЇц),Suyu (Gangbuk-gu Office),тйы╡(╦░▌┴??),л╣лц,
102,4╚г╝▒,╣╠╛╞(╝н┐я╗ч└╠╣Ў┤ы╟╨),┌пф╣(╝н┐я╗ч└╠╣Ў╙▐∙╩),Mia (Seoul Cyber Univ.),?ф╣(т╧???╙▐?),л▀лв,
103,4╚г╝▒,╣╠╛╞╗ч░┼╕о ,┌пф╣╗ч░┼╕о,Miasageori ,?ф╣фиэо╓╪╧в,л▀лвл╡л┤лъ,
104,4╚г╝▒,▒ц└╜,╤╬ых,Gireum,╤╬ых,лнлылр,
105,4╚г╝▒,╝║╜┼┐й┤ы└╘▒╕(╡╖╛╧),сдусх№╙▐ь¤╧в(╘─ф█),Sungshin Women's Univ. (Donam),?усх№эн╙▐?(╘─ф█),л╜лєл╖лєлшл╟лдл├лп,
106,4╚г╝▒,╟╤╝║┤ы└╘▒╕(╗я╝▒▒│),∙╙рЄ╙▐ь¤╧в(▀▓р╣╬щ),Hansung Univ. (Samseongyo),?рЄ╙▐?(▀▓р╣?),л╧лєл╜лєл╟лдл├лп,
107,4╚г╝▒,╟¤╚н,√│√∙,Hyehwa,√│√∙,л╪л╒лб,
108,4╚г╝▒,╡┐┤ы╣о,╘╘╙▐┌ж,Dongdaemun,?╙▐?,л╚лєл╟лрлє,
109,4╚г╝▒,╡┐┤ы╣о┐к╗ч╣о╚н░°┐°(DDP),╘╘╙▐┌жц╕▐╚┘■√∙═ыъо(DDP),Dongdaemun History & Culture Park(DDP),?╙▐??▐╚┘■√∙═ы?(DDP),л╚лєл╟лрлєлшлпл╡лрлєл╒лбл┤лєлжлйлє(DDP),
110,4╚г╝▒,├ц╣л╖╬,їў┘ы╓╪,Chungmuro,їў┘ы╓╪,л┴лхлєлрлэ,
111,4╚г╝▒,╕э╡┐,┘е╘╫,Myeongdong,┘е╘╫,л▀лчлєл╔лє,
112,4╚г╝▒,╚╕╟Ў(│▓┤ы╣о╜├└х),№х·ч(╤ї╙▐┌жу╝э▐),Hoehyeon (Namdaemun Market),??(╤ї╙▐?у╝?),л╒лзл╥лчлє,
113,4╚г╝▒,╝н┐я┐к,,Seoul Station,т╧?є╫,л╜лжлылшлп,
114,4╚г╝▒,╝ў┤ы└╘▒╕(░е┐∙),т╫╙▐ь¤╧в(╩чъ┼),Sookmyung Women's Univ. (Garwol),т╫┘е╥│эн╙▐?(╩чъ┼),л╣лпл╞лдл├лп,
115,4╚г╝▒,╗я░в┴Ў,▀▓╩╟Єв,Samgakji,▀▓╩╟Єв,л╡лрлмлпл┴,
116,4╚г╝▒,╜┼┐ы╗ъ,уцщ╠▀г,Sinyongsan,уц?▀г,л╖л╦лчлєл╡лє,
117,4╚г╝▒,└╠├╠(▒╣╕│┴▀╛╙╣┌╣░░№),ьг ї╜(╧╨╪бёщфч┌╧┌к╬╜),Ichon (National Museum of Korea),ьгї╜(?╪бёщфч┌╧┌к?),лдл┴лчлє,
118,4╚г╝▒,╡┐└█(╟Ў├ц┐°),╘▐э═(·щїўъ┬),Dongjak (Seoul National Cemetery),?э═(?їўъ┬),л╚лєл╕лулп,
119,4╚г╝▒,├╤╜┼┤ы└╘▒╕(└╠╝Ў),ї┼уъ╙▐ь¤╧в(ь▒тй),Chongshin Univ. (Isu),?уъ╙▐?(ь▒тй),л┴лчлєл╖лєл╟лдл├лп,
120,4╚г╝▒,╗ч┤ч,▐ь╙╤,Sadang,▐ь╙╤,л╡л└лє,
121,4╚г╝▒,│▓┼┬╖╔,╤їў┴╓║,Namtaeryeong,╤їў┴?,л╩лрл╞лълчлє,
122,5╚г╝▒,╣ц╚н,█и№г,Banghwa,█и№г,л╤лєл╒лб,
123,5╚г╝▒,░│╚н╗ъ,╦╥№г▀г,Gaehwasan,?№г▀г,л▒л╒лбл╡лє,
124,5╚г╝▒,▒ш╞ў░°╟╫,╨▌°▌═Ў∙√,Gimpo Int'l Airport,╨▌°▌╧ї?,лнлєл▌л┤лєл╧лє,
125,5╚г╝▒,╝█┴д,сця═,Songjeong,сця═,л╜лєл╕лчлє,
126,5╚г╝▒,╕╢░ю,╪л═█,Magok,╪л═█,л▐л┤лп,
127,5╚г╝▒,╣▀╗ъ,█д▀г,Balsan,?▀г,л╤лыл╡лє,
128,5╚г╝▒,┐ь└х╗ъ,щыэ√▀г,Ujangsan,щы?▀г,лжл╕лулєл╡лє,
129,5╚г╝▒,╚н░ю,№в═█,Hwagok,№в═█,л╒лбл┤лп,
130,5╚г╝▒,▒ю─б╗ъ,▒ю─б▀г,Kkachisan,¤ь?▀г,ллл┴л╡лє,
131,5╚г╝▒,╜┼┴д(└║╟р┴д),уця═(ы▐·║я═),Sinjeong(Eunhaengjeong),уця═(?·║я═),л╖лєл╕лчлє,
132,5╚г╝▒,╕ё╡┐,┘╩╘╫,Mok-dong,┘╩╘╫,лтлпл╚лє,
133,5╚г╝▒,┐└╕ё▒│(╕ё╡┐┐ю╡┐└х╛╒),ч№┘╩╬щ(┘╩╘╫ъб╘╤э▐╛╒),Omokgyo(Mokdong Stadium),ч№┘╩?(┘╩╘╫???),лклтл├лнлч,
134,5╚г╝▒,╛ч╞Є,х┼°└,Yangpyeong,?°└,лфлєл╘лчлє,
135,5╚г╝▒,┐╡╡ю╞ў▒╕├╗,ч╡╘Ї°▌╧бЇц,Yeongdeungpo-gu Office,ч╡╘Ї°▌??,лшлєл╔лелєл▌л░л┴лчлє,
136,5╚г╝▒,┐╡╡ю╞ў╜├└х,ч╡╘Ї°▌у╝э▐,Yeongdeungpo Market,ч╡╘Ї°▌у╝?,лшлєл╔лелєл▌л╖л╕лулє,
137,5╚г╝▒,╜┼▒ц,уц╤╬,Singil,уц╤╬,л╖лєлолы,
138,5╚г╝▒,┐й└╟╡╡,цгы°╙Ў,Yeouido,цгы°?,лшлдл╔,
139,5╚г╝▒,┐й└╟│к╖ч,┐й└╟│к╖ч,Yeouinaru,цгы°╘д╧в,лшлдл╩лы,
140,5╚г╝▒,╕╢╞ў,╪л°▌,Mapo,╪л°▌,л▐л▌,
141,5╚г╝▒,░°┤Ў,═ю╙ь,Gongdeok,═ю╙ь,л│лєл╔лп,
142,5╚г╝▒,╛╓┐└░│,╛╓┐└░│,Aeogae,??,лилкл▓,
143,5╚г╝▒,├ц┴д╖╬(░ц▒т┤ы└╘▒╕),їўяс╓╪(╠╚╤▓╙▐ь¤╧в),Chungjeongno(Kyonggi Univ.),їўяс╓╪(╠╚╤▓╙▐?),л┴лхлєл╕лчлєл╬,
144,5╚г╝▒,╝н┤ы╣о,рд╙▐┌ж,Seodaemun,рд╙▐?,л╜л╟лрлє,
145,5╚г╝▒,▒д╚н╣о(╝╝┴╛╣о╚н╚╕░№),╬├√∙┌ж(сжЁє┘■√∙№х╬╜),Gwanghwamun(Sejong Center for the Performing Arts),╬├√∙?(сжЁє┘■√∙??),лплблєл╒лблрлє,
146,5╚г╝▒,┴╛╖╬3░б(┼╛░ё░°┐°),ёд╓╪3╩╢(┼╛░ё░°┐°),Jongno 3(sam)ga(Tapgol Park),?╓╪▀▓╩╢(ў▓═█═ы?),л┴лчлєл╬л╡лрлм,
147,5╚г╝▒,└╗┴Ў╖╬4░б,ырЄи╓╪4╩╢,Euljiro 4(sa)ga,ырЄи╓╪▐╠╩╢,лжлыл┴лэл╡лм,
148,5╚г╝▒,╡┐┤ы╣о┐к╗ч╣о╚н░°┐°(DDP),╘╘╙▐┌жц╕▐╚┘■√∙═ыъо(DDP),Dongdaemun History & Culture Park(DDP),?╙▐??▐╚┘■√∙═ы?(DDP),л╚лєл╟лрлєлшлпл╡лрлєл╒лбл┤лєлжлйлє(DDP),
149,5╚г╝▒,├╗▒╕,Їь╬°,Cheonggu,?╬°,л┴лчлєл░,
150,5╚г╝▒,╜┼▒▌╚г,уц╨▌√╔,Singeumho,уц╤╤√╔,л╖лєл░лрл█,
151,5╚г╝▒,╟р┤ч,·║╙╤,Haengdang,·║╙╤,л╪лєл└лє,
152,5╚г╝▒,┐╒╜╩╕о(╝║╡┐▒╕├╗),ш┘фи╫ь(рЄ╘╘╧бЇц),Wangsimni(Seongdong-gu Office),ш┘фи╫ь(рЄ???),лялєл╖лрл╦(л╜лєл╔лє??),
153,5╚г╝▒,╕╢└х,╪йэ▐,Majang,??,л▐л╕лулє,
154,5╚г╝▒,┤ф╜╩╕о,╙╬фи╫ь,Dapsimni,╙╬фи╫ь,л┐л╫л╖лрл╦,
155,5╚г╝▒,└х╟╤╞Є,э■∙╙°└,Janghanpyeong,??°└,л┴лулєл╧лєл╘лчлє,
156,5╚г╝▒,▒║└┌(┤╔╡┐),╧╓эн(╥°╘╫),Gunja(Neung-dong),╧╓эн(╫╒╘╫),лплєл╕лу,
157,5╚г╝▒,╛╞┬ў╗ъ(╛ю╕░└╠┤ы░°┐°╚─╣о),ф▒єл▀г(╛ю╕░└╠╙▐═ыъо¤н┌ж),Achasan(Rear Entrance to Seoul Children's Grand Park),ф▒єл▀г(?╘█╙▐═ы?¤и?),лвл┴лул╡лє,
158,5╚г╝▒,▒д│к╖ч(└х╜┼┤ы),▒д│к╖ч(э■уъ╙▐),Gwangnaru(Presbyterian University & Theological Seminary),?╘д╧в(?уъ╙▐?),лплблєл╩лы,
159,5╚г╝▒,├╡╚г(╟│││┼ф╝║),Ї╢√┬(∙ж╥бў╧рЄ),Cheonho(Pungnaptoseong),Ї╢√┬(??ў╧рЄ),л┴лчлєл█,
160,5╚г╝▒,░н╡┐,╦░╘╘,Gangdong,╦░?,лллєл╔лє,
161,5╚г╝▒,▒ц╡┐,╤╬╘╫,Gil-dong,╤╬╘╫,лнлыл╚лє,
162,5╚г╝▒,▒┴└║┤┘╕о(░н╡┐▒╕╣╬╚╕░№╛╒),▒┴└║┤┘╕о(╦░╘╘╧б┌┼№х╬╜╛╒),Gubeundari(Gangdong Community Center ),═╪?(╦░??┌┼??),лпл╓лєл└лъ,
163,5╚г╝▒,╕э└╧,┘еья,Myeongil,┘еья,л▀лчлєлдлы,
164,5╚г╝▒,░э┤Ў,═╘╙ь,Godeok,═╘╙ь,л│л╔лп,
165,5╚г╝▒,╗є└╧╡┐,▀╛ьщ╘╫,Sangil-dong,▀╛ьщ╘╫,л╡лєлдлыл╚лє,
166,5╚г╝▒,╡╨├╠╡┐,╘эї╜╘╫,Dunchon-dong,╘эї╜╘╫,л╚лелєл┴лчлєл╔лє,
167,5╚г╝▒,┐├╕▓╟╚░°┐°(╟╤▒╣├╝┤ы),┐├╕▓╟╚═ыъо(∙█╧╨Їў╙▐),Olympic Park(Korea National Sport University),?╫∙∙п╨║═ы?(???ы└╙▐?),лклълєл╘л├лпл┤лєлжлйлє,
168,5╚г╝▒,╣ц└╠,█╗ь┐,Bangi,█╗ь┐,л╤лєлд,
169,5╚г╝▒,┐└▒▌,ч№╨╓,Ogeum,ч№╨╓,лкл░лр,
170,5╚г╝▒,░│╖╒,╦╥╥┘,Gaerong,??,л▒лэлє,
171,5╚г╝▒,░┼┐й,╦▌х∙,Geoyeo,╦▌х∙,л│лш,
172,5╚г╝▒,╕╢├╡,╪йЇ╣,Macheon,?Ї╣,л▐л┴лчлє,
173,5╚г╝▒,░н└╧,╦░ьщ,Gangil,╦░ьщ,лллєлдлы,
174,5╚г╝▒,╣╠╗ч,┌┤▐▐,Misa,┌┤▐▐,л▀л╡,
175,5╚г╝▒,╟╧│▓╟│╗ъ,∙┴╤ї∙е▀г,Hanam Pungsan,∙┴╤ї?▀г,л╧л╩лєл╫лєл╡лє,
176,5╚г╝▒,╟╧│▓╜├├╗(┤Ў╟│бд╜┼└х),∙┴╤їу╝Їц(╙ь∙е?уцэ■),Hanam City Hall (Deokpung&Sinjang),∙┴╤їу╝?(╙ь?бдуц?),л╧л╩лрл╖л┴лчлє (л╚лпл╫лє?л╖лєл╕лулє),
177,5╚г╝▒,╟╧│▓░╦┤▄╗ъ,∙┴╤ї╠г╙б▀г,Hanam Geomdansan,∙┴╤ї╠г╙б▀г,л╧л╩лрл┤лрл└лєл╡лє,
178,6╚г╝▒,└└╛╧,ыэф█,Eungam,?ф█,лжлєлвлр,
179,6╚г╝▒,┐к├╠,ц╛ї╜,Yeokchon,?ї╜,лшлпл┴лчлє,
180,6╚г╝▒,║╥▒д,▌╓╬├,Bulgwang,▌╓╬├,л╫лыл░лблє,
181,6╚г╝▒,╡╢╣┘└з,╡╢╣┘└з,Dokbawi,ш╖ф█,л╚л├л╤лжлг,
182,6╚г╝▒,┐м╜┼│╗,┐м╜┼│╗,Yeonsinnae,ц┼уцЇ╣,лшлєл╖лєл═,
183,6╚г╝▒,▒╕╗ъ,╧╧▀г,Gusan,?▀г,лпл╡лє,
184,6╚г╝▒,╗ї└¤(╜┼╗ч),╗ї└¤(уц▐╤),Saejeol(Sinsa),?я╣(уц▐╤),л╗л╕лчлы,
185,6╚г╝▒,┴ї╗ъ(╕э┴Ў┤ы╛╒),ё∙▀г(┘еЄ▒╙▐╛╒),Jeungsan(Myongji Univ.),?▀г(┘еЄ▒╙▐?),л┴лхлєл╡лє,
186,6╚г╝▒,╡Ё┴Ў┼╨╣╠╡Ё╛ю╜├╞╝,,Digital Media City,??╪┌?рЄ,л╟л╕л┐лылсл╟лглвл╖л╞лг,
187,6╚г╝▒,┐∙╡х─┼░ц▒т└х(╝║╗ъ),┐∙╡х─┼╠ц╨№э▐(рЄ▀г),World Cup Stadium(Seongsan),сж═г█╩?ы└?(рЄ▀г),ля?лыл╔ллл├л╫?лнлчлєлол╕лулє,
188,6╚г╝▒,╕╢╞ў▒╕├╗,╪л°▌╧бЇц,Mapo-gu Office,╪л°▌??,л▐л▌л░л┴лчлє,
189,6╚г╝▒,╕┴┐°,╪╨ъ└,Mangwon,╪╨?,л▐лєлжлйлє,
190,6╚г╝▒,╟╒┴д,∙ъя╠,Hapjeong,∙ъя╠,л╧л╫л┴лчлє,
191,6╚г╝▒,╗є╝Ў,▀╛тй,Sangsu,▀╛тй,л╡лєл╣,
192,6╚г╝▒,▒д╚я├в(╝н░н),╬╞¤щє┌(рд╦░),Gwangheungchang(Seogang),???(рд╦░),лплблєл╒лєл┴лулє,
193,6╚г╝▒,┤ы╚я(╝н░н┤ы╛╒),╙▐¤щ(рд╦░╙▐╛╒),Daeheung(Sogang Univ.),╙▐?(рд╦░╙▐?),л╞л╒лє,
194,6╚г╝▒,░°┤Ў,═ю╙ь,Gongdeok,═ю╙ь,л│лєл╔лп,
195,6╚г╝▒,╚┐├в░°┐°╛╒,№°єу═ыъо╛╒,Hyochang Park ,№°єу═ы?,л╥лчл┴лулєл┤лєлжлйлєлвл╫,
196,6╚г╝▒,╗я░в┴Ў,▀▓╩╟Єв,Samgakji,▀▓╩╟Єв,л╡лрлмлпл┴,
197,6╚г╝▒,│ь╗ч╞Є(┐ы╗ъ▒╕├╗),╥╤▐э°└(щ╠▀г╧бЇц),Noksapyeong(Yongsan-gu Office),?▐э°└(?▀г??),л╬л├л╡л╘лчлє,
198,6╚г╝▒,└╠┼┬┐°,ь▒ў┴ъ┬,Itaewon,ь▒ў┴ъ┬,лдл╞лжлйлє,
199,6╚г╝▒,╟╤░н┴°,∙╙╦░Єх,Hangangjin,?╦░?,л╧лєлмлєл╕лє,
200,6╚г╝▒,╣Ў╞╝░э░│,╣Ў╞╝░э░│,Beotigogae,ўюЁз?,л▌л╞лгл┤л▓,
201,6╚г╝▒,╛р╝Ў,х╖тй,Yaksu,?тй,лфл├л╣,
202,6╚г╝▒,├╗▒╕,Їь╬°,Cheonggu,?╬°,л┴лчлєл░,
203,6╚г╝▒,╜┼┤ч,уц╙╤,Sindang,уц╙╤,л╖лєл└лє,
204,6╚г╝▒,╡┐╣ж╛╒,╘╘┘┘╛╒,Dongmyo,??,л╚лєл▀лчлвл╫,
205,6╚г╝▒,├в╜┼,єуус,Changsin,єуус,л┴лулєл╖лє,
206,6╚г╝▒,║╕╣о,▄┼┌ж,Bomun,▄┼?,л▌лрлє,
207,6╚г╝▒,╛╚╛╧(░э┤ы║┤┐°╛╒),ф╠ф█(═╘╙▐▄╗ъ┬╛╒),Anam(Korea Univ. Hospital),ф╠ф█(═╘?╙▐??ъ┬),лвл╩лр,
208,6╚г╝▒,░э╖┴┤ы(┴╛╛╧),═╘╒Є╙▐(ёгф█),Korea Univ.(Jongam),═╘?╙▐?(?ф█),л│лълчл╟,
209,6╚г╝▒,┐∙░ю(╡┐┤Ў┐й┤ы),ъ┼═█(╘╥╙ьх№╙▐),Wolgok(Dongduk Women's Univ.),ъ┼═█(╘╥╙ьх№эн╙▐?),лжлйлыл┤лп,
210,6╚г╝▒,╗є┐∙░ю(╟╤▒╣░·╟╨▒т╝·┐м▒╕┐°),▀╛ъ┼═█(∙█╧╨╬б∙╩╨№т·ц┌╧╝ъ┬),Sangwolgok(KIST)?,▀╛ъ┼═█(??╬б?╨№?ц┌╧╝ъ┬),л╡лєлжлйлыл┤лп,
211,6╚г╝▒,╡╣░∙└╠,╡╣░∙└╠,Dolgoji,р┤═·,л╚лыл┤л╕,
212,6╚г╝▒,╝о░ш,р┤═в,Seokgye,р┤═в,л╜л├л▒,
213,6╚г╝▒,┼┬╕к└╘▒╕,ў┴╫╒ь¤╧в,Taereung,ў┴╫╒,л╞лылєлдл├лп,
214,6╚г╝▒,╚н╢√┤ы (╝н┐я┐й┤ы└╘▒╕),№г╒═╙ц(╝н┐ях№╙▐ь¤╧в),Hwarangdae(Seoul Women's Univ.),№г╒═ў╗(т╧?х№эн╙▐?),л╒лблщлєл╟,
215,6╚г╝▒,║└╚н╗ъ(╝н┐я└╟╖с┐°),▄ы√¤▀г(╝н┐яьв╓√ъ┬),Bonghwasan(Seoul Medical Center),▄ы√¤▀г(т╧???ъ┬),л▌лєл╒лбл╡лє,
216,6╚г╝▒,╜┼│╗,уц╥о,Sinnae,уц╥о,л╖лєл═,
217,7╚г╝▒,└х╛╧,э■ф█,Jangam,?ф█,л┴лулєлвлр,
218,7╚г╝▒,╡╡║└╗ъ,╘│▄ш▀г,Dobongsan,╘│▄ш▀г,л╚л▄лєл╡лє,
219,7╚г╝▒,╝Ў╢Ї╗ъ,тй╒к▀г,Suraksan,тй╒к▀г,л╣лщл├л╡лє,
220,7╚г╝▒,╕╢╡щ,╕╢╡щ,Madeul,?╘Ё,л▐л╔лелы,
221,7╚г╝▒,│ы┐°,╥╚ъл,Nowon,√╪ъл,л╬лжлйлє,
222,7╚г╝▒,┴▀░ш,ёщ═в,Junggye,ёщ═в,л┴лхлєл▓,
223,7╚г╝▒,╟╧░ш,∙╗?═в,Hagye,∙╗═в,л╧л▓,
224,7╚г╝▒,░°╕к(╝н┐я░·╟╨▒т╝·┤ы),═ю╫╒(╝н┐я▀зхЎ╙▐ь¤╧в),Gongneung(Seoul National Univ. of Science & Technology),═ю╫╒(т╧?╬б?╨№?╙▐?),л│лєл╠лє,
225,7╚г╝▒,┼┬╕к└╘▒╕,ў┴╫╒ь¤╧в,Taereung,ў┴╫╒,л╞лылєлдл├лп,
226,7╚г╝▒,╕╘░ё,╕╘░ё,Meokgol,┘°═█,лтл├л│лы,
227,7╚г╝▒,┴▀╚н,ёщ√·,Junghwa,ёщ√·,л┴лхлєл╒лб,
228,7╚г╝▒,╗є║└,▀╛▄є,Sangbong,▀╛?,л╡лєл▄лє??,
229,7╚г╝▒,╕щ╕ё,╪№┘╠,Myeonmok,╪№┘╠,л▀лчлєлтлп,
230,7╚г╝▒,╗ч░б┴д,▐╠╩вя═,Sagajeong,▐╠╩вя═,л╡лмл╕лчлє,
231,7╚г╝▒,┐ы╕╢╗ъ(┐ы╕╢╞°╞ў░°┐°),щ╠╪й▀г(щ╠╪й°ю°╓═ыъо),Yongmasan(Yongma Falls Park),??▀г(??°ю°╓═ыъо),лшлєл▐л╡лє(лшлєл▐л▌лпл▌═ыъо),
232,7╚г╝▒,┴▀░ю,ёщ═█,Junggok,ёщ═█,л┴лхлєл┤лп,
233,7╚г╝▒,▒║└┌(┤╔╡┐),╧╓эн(╥°╘╫),Gunja(Neung-dong),╧╓эн(╥°╘╫),лплєл╕лу,
234,7╚г╝▒,╛ю╕░└╠┤ы░°┐°(╝╝┴╛┤ы),╛ю╕░└╠╙▐═ыъо(сжЁє╙▐),Children's Grand Park(Sejong Univ.),?╘█╙▐═ы?(сжЁє╙▐?),лклъл╦?л╞л┤лєлжлйлє,
235,7╚г╝▒,░╟┤ы└╘▒╕,╦я╙▐ь¤╧в,Konkuk Univ.,╦я?╙▐?,л│лєл╟лдл├лп,
236,7╚г╝▒,└┌╛ч(╢╥╝╢╟╤░н░°┐°),э╣х╒(╢╥╝╢∙╙╦░═ыъо),Jayang (Ttukseom Hangang Park),э╣?(╘└??╦░═ы?),л┴лулфлє(л╚лелпл╜лр л╧лєлмлє(∙╙╦░)═ыъо),
237,7╚г╝▒,├╗┤у,Їш╙┴,Cheongdam,?╙┴,л┴лчлєл└лр,
238,7╚г╝▒,░н│▓▒╕├╗,╦░╤ї╧бЇц,Gangnam-gu Office,╦░╤ї??,лллєл╩лрл░л┴лчлє,
239,7╚г╝▒,╟╨╡┐,∙═╘╫,Hak-dong,?╘╫,л╧лпл╚лє,
240,7╚г╝▒,│э╟Ў,╥╒·╓,Nonhyeon,??,л╬лєл╥лчлє,
241,7╚г╝▒,╣▌╞ў,┌я°▌,Banpo,?°▌,л╤лєл▌,
242,7╚г╝▒,░э╝╙┼═╣╠│╬,═╘с▄┼═╣╠│╬,Express Bus Terminal,═╘с▄ўщ▐═╦╘?є╫,л│л╜лпл┐?л▀л╩лы,
243,7╚г╝▒,│╗╣ц,╥о█░,Naebang,╥о█░,л═л╨лє,
244,7╚г╝▒,└╠╝Ў,ь▒тй,Isu,ь▒тй,лдл╣,
245,7╚г╝▒,│▓╝║,╤їрЄ,Namseong,╤їрЄ,л╩лрл╜лє,
246,7╚г╝▒,╝■╜╟┤ы└╘▒╕(╗ь╟╟└ч),т¤у∙╙▐ь¤╧в(╗ь╟╟└ч),Soongsil Univ.(Salpijae),т¤?╙▐?(?▌ё?),л╣лєл╖лыл╟лдл├лп,
247,7╚г╝▒,╗є╡╡,▀╛╘│,Sangdo,▀╛╘│,л╡лєл╔,
248,7╚г╝▒,└х╜┬╣ш▒т,└х╜┬╣ш▒т,Jangseungbaegi,?ук█╚╨ё,л┴лулєл╣лєл┘ло,
249,7╚г╝▒,╜┼┤ы╣ц╗я░┼╕о,уц╙▐█░╗я░┼╕о,Sindaebangsamgeori,уц╙▐█░я╦эо╓╪╧в,л╖лєл╟л╨лєл╡лрл┤лъ,
250,7╚г╝▒,║╕╢є╕┼,║╕╢є╕┼,Boramae,ўю╒├┌╕,л▌лщлс,
251,7╚г╝▒,╜┼╟│,уц∙е,Sinpung,уц?,л╖лєл╫лє,
252,7╚г╝▒,┤ы╕▓(▒╕╖╬▒╕├╗),╙▐╫∙(╬·╓╒╧бЇц),Daerim(Guro-gu Office),╙▐╫∙(╬·╓╒??),л╞лълр,
253,7╚г╝▒,│▓▒╕╖╬,╤ї╬·╥╟,Namguro,╤ї╬·╥╟,л╩лрл░лэ,
254,7╚г╝▒,░б╗ъ╡Ё┴Ў┼╨┤▄┴Ў,╩е▀г╡Ё┴Ў┼╨╙еЄв,Gasan Digital Complex,╩е▀г????,ллл╡лє?л╟л╕л┐лыл└лєл╕,
255,7╚г╝▒,├╢╗ъ,Ї╤▀г,Cheolsan,?▀г,л┴лчлыл╡лє,
256,7╚г╝▒,▒д╕э╗ч░┼╕о,╬├┘е╗ч░┼╕о,Gwangmyeongsageori,╬├┘ефиэо╓╪╧в,лплблєл▀лчлєл╡л┤лъ,
257,7╚г╝▒,├╡┐╒,Ї╕ш┌,Cheonwang,Ї╕ш┌,л┴лчл╠лблє,
258,7╚г╝▒,┐┬╝Ў(╝║░°╚╕┤ы└╘▒╕),шотй(сб═ы№х╙▐ь¤╧в),Onsu(Sungkonghoe Univ.),?тй(?═ы?╙▐?),лклєл╣,
259,8╚г╝▒,╛╧╗ч┐к╗ч░°┐°,ф█▐╤╒Ў▐╚═ыъо,Amsa History Park,ф█▐╤?▐╚═ы?,лвлрл╡лшлпл╡л┤лєлжлйлє,"б╪║░│╗╝▒ 5░│┐к
(└х└┌╚г╝Ў░°┐°, ▒╕╕о, ╡┐▒╕╕к, ┤┘╗ъ, ║░│╗) ┴ж┐▄
│▓╛ч┴╓╡╡╜├░°╗ч, ▒╕╕о╡╡╜├░°╗ч░№╟╥"
260,8╚г╝▒,╛╧╗ч,ф█▐╤,Amsa,ф█▐╤,лвлрл╡,
261,8╚г╝▒,├╡╚г(╟│││┼ф╝║),Ї╢√┬(∙ж╥бў╧рЄ),Cheonho(Pungnaptoseong),Ї╢√┬(??ў╧рЄ),л┴лчлєл█,
262,8╚г╝▒,░н╡┐▒╕├╗,╦░╘╘╧бЇц,Gangdong-gu Office,╦░???,лллєл╔лєл░л┴лчлє,
263,8╚г╝▒,╕∙├╠┼ф╝║(╞Є╚н└╟╣о),┘╙ї╜ў╧рЄ(°┴√·└╟┌ж),Mongchontoseong(World Peace Gate),?ї╜ў╧рЄ(√·°┴ё¤?),лтлєл┴лчлєл╚л╜лє,
264,8╚г╝▒,└с╜╟(╝█╞─▒╕├╗),э┘у°(сцўч╧бЇц),Jamsil(Songpa-gu Office),?у°(сцўч??),л┴лулрл╖лы,
265,8╚г╝▒,╝о├╠,р┤ї╜,Seokchon,р┤ї╜,л╜лпл┴лчлє,
266,8╚г╝▒,╝█╞─,сцўч,Songpa,сцўч,л╜лєл╤,
267,8╚г╝▒,░б╢Ї╜├└х,╩ж╒еу╝э▐,Garak Market,╩ж?у╝?,лллщлп?л╖л╕лулє,
268,8╚г╝▒,╣о┴д,┘■я╠,Munjeong,┘■я╠,лрлєл╕лчлє,
269,8╚г╝▒,└х┴Ў,э■Єй,Jangji,?Єй,л┴лулєл╕,
270,8╚г╝▒,║╣┴д,▄╪я╠,Bokjeong,▄╪я╠,л▌лпл┴лчлє,
271,8╚г╝▒,│▓└з╖╩,╤їъ╨╓╔,Namwirye ,╤їъ╨?,л╩лрлгль,
272,8╚г╝▒,╗ъ╝║,▀грЄ,Sanseong,▀грЄ,л╡лєл╜лє,
273,8╚г╝▒,│▓╟╤╗ъ╝║└╘▒╕(╝║│▓╣¤┐°?░╦┬√├╗),╤ї∙╙▀грЄь¤╧в(рЄ╤ї█Ўъ┬╦■є╠Їц)?,Namhansanseong(Seongnam Court & Prosecutors' Office),╤ї?▀грЄ(рЄ╤ї█Ўъ┬бд?є╠?),л╩лрл╧лєл╡лєл╜лєлдл├лп,
274,8╚г╝▒,┤▄┤ы┐└░┼╕о,╙б╙▄┐└░┼╕о,Dandaeogeori,╙б╙▄чщ?╓╪╧в,л┐лєл╟лкл┤лъ,
275,8╚г╝▒,╜┼╚я,уц¤щ,Sinheung,уц?,л╖лєл╒лє,
276,8╚г╝▒,╝Ў┴°,с°Єф,Sujin,??,л╣л╕лє,
277,8╚г╝▒,╕Ё╢ї,┘└╒о,Moran,┘└╒о,лтлщлє,
278,9╚г╝▒,╛Ё┴╓,хщё╢,Eonju,хщё╢,лклєл╕лх,
279,9╚г╝▒,╝▒┴д╕к,р╛я■╫╒,Seonjeongneung,р╛я■╫╒,л╜лєл╕лчлєл╠лє,
280,9╚г╝▒,╗я╝║┴▀╛╙,▀▓рўёщфч,Samseong Jungang ,▀▓рўёщфч,л╡лрл╜лє?л┴лхлєлвлє,
281,9╚г╝▒,║└└║╗ч,▄хы┌▐╤,Bongeunsa ,▄хы┌▐╤,л▌лєлжлєл╡,
282,9╚г╝▒,┴╛╟╒┐ю╡┐└х,Ё№∙ъъб╘╤э▐,Sports Complex,?∙ъ???,л┴лчлєл╧л╓лєл╔лєл╕лулє,
283,9╚г╝▒,╗я└№,▀▓яг,Samjeon,▀▓яг,л╡лрл╕лчлє,
284,9╚г╝▒,╝о├╠░э║╨,р┤ї╜═п▌┼,Seokchon Gobun,р┤ї╜═п?,л╜лпл┴лчлєл│л╓лє,
285,9╚г╝▒,╝о├╠,р┤ї╜,Seokchon,р┤ї╜,л╜лпл┴лчлє,
286,9╚г╝▒,╝█╞─│к╖ч,сцўч│к╖ч,Songpanaru,сцўч╘д╧в,л╜лєл╤л╩лы,
287,9╚г╝▒,╟╤╝║╣щ┴ж,∙╙рЄ█▌?,Hanseong Baekje,?рЄ█▌?,л╧лєл╜лєл┘лпл┴лз,
288,9╚г╝▒,┐├╕▓╟╚░°┐°(╟╤▒╣├╝┤ы),┐├╕▓╟╚═ыъо(∙█╧╨Їў╙▐),Olympic Park(Korea National Sport University),?╫∙∙п╨║═ы?(???ы└╙▐?),лклълєл╘л├лпл┤лєлжлйлє,
289,9╚г╝▒,╡╨├╠┐└╖√,╘эї╜чщ╫╟,Dunchon Oryun,╘эї╜чщ?,л╚лелєл┴лчл╬лълхлє,
290,9╚г╝▒,┴▀╛╙║╕╚╞║┤┐°,ёщфч▄├?▄╗ъ┬,VHS Medical Center,ёщфч???ъ┬,л┴лхлєлвлєл▄л╒лєл╙лчлєлжлйлє,
